"Participant","GestureID","PlaneOrientation","GestureTap","Time","SpeedThumb","AccelerationThumb","SpeedIndex","AccelerationIndex","SpeedMiddle","AccelerationMiddle","PosXThumb","PosYThumb","PosZThumb","PosXIndex","PosYIndex","PosZIndex","PosXMiddle","PosYMiddle","PosZMiddle"
1,"DoubleTap","Horizontal",1,13.41868,0.06535643,2.940696,0.05086209,1.815473,0.1070087,1.25484,0.1160588,-0.02981589,0.7261084,0.1317183,0.03975157,0.7382445,0.1619639,0.04204233,0.7424892
1,"DoubleTap","Horizontal",1,12.26966,0.03271345,-7.187027,0.08384084,-6.305544,0.08416882,-6.546189,0.1098772,0.006687375,0.6567643,0.1271014,0.06522163,0.6575801,0.1540183,0.06922901,0.6661071
1,"DoubleTap","Horizontal",1,9.185658,0.04037246,-12.64276,0.04036694,-8.876818,0.04036941,-10.72645,0.1137372,-0.006274319,0.6779072,0.1296973,0.0515753,0.6831807,0.1559502,0.05021481,0.694102
1,"DoubleTap","Horizontal",1,11.96921,0.03154989,-5.308538,0.1013849,1.705363,0.06365078,-1.133949,0.1098526,-0.02181609,0.7180549,0.1290061,0.03294364,0.7329637,0.155277,0.03865105,0.7381542
1,"DoubleTap","Horizontal",1,13.23571,0.008833115,-0.8565916,0.0194989,-0.1182716,0.0250123,-2.536464,0.1161034,-0.03045599,0.7247732,0.1316456,0.04127835,0.7363955,0.1616583,0.04292881,0.742057
1,"DoubleTap","Horizontal",1,8.552531,0.02385468,0.6915628,0.01491172,0.2733529,0.0166165,0.6633034,0.1193451,-0.02432797,0.682777,0.1348798,0.03841952,0.6936845,0.1616213,0.0395858,0.7048596
1,"DoubleTap","Horizontal",1,13.40193,0.01611001,0.7924199,0.02045922,1.056812,0.08599449,5.040565,0.1169151,-0.03041658,0.7264305,0.1322905,0.03925015,0.7386273,0.1625469,0.04372742,0.7423107
1,"DoubleTap","Horizontal",1,13.9023,0.02600892,-2.232954,0.03925995,1.989444,0.09063677,0.6828086,0.1212388,-0.03018778,0.7269581,0.1306128,0.03806281,0.736738,0.1597442,0.03851226,0.7422796
1,"DoubleTap","Horizontal",1,14.4022,0.0590109,-4.392998,0.06021753,2.837238,0.01633754,0.453261,0.1162964,-0.02918396,0.7221084,0.1317061,0.03715908,0.7359129,0.1587175,0.03560185,0.7410583
1,"DoubleTap","Horizontal",1,12.65257,0.3081782,8.88984,0.216757,4.113449,0.2586905,2.948112,0.1152623,-0.03585794,0.7311957,0.1326216,0.02836111,0.7456341,0.1615202,0.03209247,0.7503889
1,"DoubleTap","Horizontal",1,10.28597,0.002985558,-1.869742,0.002982322,-1.03437,0.002985,-0.6900366,0.113448,-0.02135787,0.7198352,0.1324134,0.03162508,0.7320347,0.1564437,0.02370166,0.738222
1,"DoubleTap","Horizontal",1,12.21974,0.1952449,-23.12541,0.195248,-28.07435,0.1952481,-25.88449,0.1109769,0.00495579,0.6647317,0.1295507,0.06357265,0.6686876,0.1557142,0.06668308,0.6769303
1,"DoubleTap","Horizontal",1,12.11902,0.3856366,8.762389,0.4751609,11.20018,0.4126026,9.688136,0.1121951,-0.01699701,0.707419,0.130606,0.04021776,0.7200357,0.1564738,0.04254624,0.7260067
1,"DoubleTap","Horizontal",1,14.16948,0.1530513,3.850246,0.03642458,-1.798538,0.03884959,-5.538006,0.1243486,-0.030857,0.727529,0.1314346,0.04175144,0.7360943,0.1610665,0.04735623,0.7414004
1,"DoubleTap","Horizontal",1,11.81914,0.007555785,0.1151116,0.01231937,0.3930564,0.01714926,0.6747064,0.1145774,-0.02013327,0.7212321,0.1301942,0.03204088,0.7333414,0.1553795,0.03547797,0.7377178
1,"DoubleTap","Horizontal",1,9.986379,0.007894235,-1.713266,0.01326681,-2.333218,0.06817771,-3.498282,0.1131224,-0.02061609,0.7185941,0.1313629,0.03411422,0.7315889,0.1568846,0.0422463,0.7363146
1,"DoubleTap","Horizontal",1,13.53581,0.0481916,2.704116,0.04467372,2.493054,0.02911319,1.559511,0.1125312,-0.02464453,0.7221096,0.1298577,0.03857934,0.7350987,0.1575496,0.03048727,0.7406113
1,"DoubleTap","Horizontal",1,13.50252,0.08371443,-7.228557,0.1018709,-1.426657,0.3360119,8.390691,0.1132379,-0.02460912,0.7225706,0.1302177,0.03923129,0.7349746,0.1580457,0.03066481,0.7406147
1,"DoubleTap","Horizontal",2,27.85225,0.01218986,0.1136271,0.05807737,1.011062,0.1100823,5.481096,0.119097,-0.02681117,0.7177623,0.1407453,0.0297016,0.7296189,0.1669194,0.03940959,0.7346607
1,"DoubleTap","Horizontal",2,33.65233,0.1156379,4.562335,0.03862476,-0.08873404,0.1330779,-3.072471,0.1193132,-0.02701477,0.7172858,0.1419202,0.02843933,0.7306656,0.1664505,0.03750185,0.7355283
1,"DoubleTap","Horizontal",2,25.83629,0.01046404,0.5680007,0.04230959,2.412096,0.01413302,0.7807297,0.1196374,-0.02935294,0.719395,0.1406108,0.02747925,0.7320927,0.1655494,0.03886704,0.7359033
1,"DoubleTap","Horizontal",2,32.23651,0.03702705,2.100977,0.03252869,1.837408,0.03190416,1.800575,0.1199828,-0.0297618,0.7215791,0.144484,0.02510307,0.735875,0.1674058,0.03052898,0.7406762
1,"DoubleTap","Horizontal",2,24.1854,0.06472076,3.813723,0.0592556,3.48651,0.04168782,2.434075,0.1186263,-0.02611696,0.7162526,0.1421001,0.02837535,0.732078,0.1668003,0.04456824,0.732927
1,"DoubleTap","Horizontal",2,28.28582,0.08775637,0.05865437,0.1225073,-4.507008,0.1746578,-13.33542,0.1163813,-0.02699159,0.7151384,0.1412912,0.0326261,0.7272425,0.1695497,0.04632684,0.7299082
1,"DoubleTap","Horizontal",2,22.56909,0.3102287,-2.431477,0.3009391,-1.30862,0.3616393,-0.4224874,0.1222232,-0.04000083,0.7356967,0.1442439,0.01470296,0.750679,0.1703864,0.02556769,0.7550517
1,"DoubleTap","Horizontal",2,22.6195,0.6364175,29.07261,0.6904743,32.26529,0.6834128,31.84842,0.1190944,-0.03183335,0.7217526,0.1421942,0.02251852,0.7351686,0.1678609,0.03227504,0.7393996
1,"DoubleTap","Horizontal",2,26.36925,0.0007691588,-2.533907,0.0007679132,-4.214289,0.0007679905,-3.16816,0.1191247,-0.02901518,0.7209674,0.1423547,0.02706251,0.736042,0.1677592,0.04231198,0.7376107
1,"DoubleTap","Horizontal",2,27.73588,0.03682284,0.5763251,0.03453705,0.4042664,0.03729318,0.7376499,0.1203718,-0.02842402,0.7200144,0.1417579,0.03024105,0.731333,0.1668321,0.0389384,0.736083
1,"DoubleTap","Horizontal",2,26.41888,0.0395453,0.6087382,0.101129,0.2700849,0.05883929,-9.015,0.1196989,-0.02834516,0.7203955,0.1425993,0.03036267,0.7326879,0.1670717,0.03754155,0.7377967
1,"DoubleTap","Horizontal",2,22.93633,0.01318757,-2.615225,0.01318725,-2.212612,0.01319065,-4.418811,0.1229023,-0.02791282,0.7230756,0.145647,0.02369459,0.7381536,0.1685159,0.033384,0.741292
1,"DoubleTap","Horizontal",2,33.76916,0.02907343,0.1221626,0.02563266,0.7218676,0.0763391,3.463606,0.1207902,-0.02654695,0.7189724,0.1424963,0.02640675,0.7319185,0.1659679,0.03362142,0.7370657
1,"DoubleTap","Horizontal",2,28.73709,0.01325783,0.7484038,0.01663164,0.9407381,0.02217849,1.256841,0.1172893,-0.02670329,0.7166935,0.1422259,0.02803094,0.7321663,0.1674942,0.03785866,0.7363725
1,"DoubleTap","Horizontal",2,25.8025,0.02792387,0.9152473,0.05578943,2.466954,0.06546173,-1.989297,0.1196279,-0.02949546,0.7195128,0.1405633,0.02819204,0.7319443,0.1655016,0.03872922,0.7361073
1,"DoubleTap","Horizontal",2,32.28588,0.002230816,-1.216264,0.002233468,-0.843828,0.002231012,-1.358669,0.1198621,-0.03007322,0.72114,0.1450115,0.02500983,0.7362838,0.1680298,0.0306369,0.7410316
1,"DoubleTap","Horizontal",2,22.23581,0.1064858,2.185853,0.1028564,2.000374,0.1101178,2.416187,0.1116493,-0.01558977,0.6324157,0.1289009,0.05158797,0.6354917,0.1593101,0.0563205,0.6466787
1,"DoubleTap","Horizontal",2,26.5863,0.005099902,-2.906886,0.005103457,-1.238448,0.005104042,-1.273462,0.1184692,-0.03060819,0.7208638,0.1431631,0.02878765,0.7350132,0.1679866,0.03757387,0.7387847
1,"DoubleTap","Horizontal",2,29.90198,0.02993576,1.760825,0.02328114,1.351088,0.02061534,1.186772,0.1196385,-0.02853025,0.7208886,0.1428489,0.02786078,0.7339931,0.1677007,0.03585887,0.7381541
1,"DoubleTap","Horizontal",2,28.46848,0.02552934,-1.525917,0.01662491,0.001579983,0.1198287,3.089721,0.1198862,-0.02860847,0.7197179,0.143537,0.02916992,0.7327278,0.1691342,0.03401951,0.7384695
1,"DoubleTap","Horizontal",2,30.56934,0.000831232,-3.540031,0.0008320579,-0.609358,0.0008313878,-3.165565,0.1243681,-0.02916706,0.7232623,0.1439378,0.02969516,0.7331188,0.1682574,0.03732998,0.7375446
1,"DoubleTap","Horizontal",2,25.4198,0.0006802475,-2.802688,0.0006800687,-6.251819,0.0006805341,-3.1158,0.1163883,-0.02829893,0.7176883,0.1399386,0.03059068,0.7310231,0.1659946,0.04201315,0.7347209
1,"DoubleTap","Horizontal",2,30.78573,0.03886714,2.358093,0.04408679,2.678142,0.09728635,5.939956,0.1197401,-0.02763973,0.7200193,0.143204,0.02861213,0.7330998,0.1677719,0.03706739,0.7378776
1,"DoubleTap","Horizontal",2,27.2525,0.0457246,-0.5825033,0.01269449,-2.447046,0.06982127,1.998625,0.1182495,-0.02894812,0.7193928,0.1427808,0.02811956,0.7335417,0.1678194,0.03955708,0.7366489
1,"DoubleTap","Horizontal",2,32.85196,0.01240005,0.7111164,0.04881493,2.917616,0.1049405,6.318638,0.1196672,-0.02892593,0.7203209,0.1438702,0.03039608,0.7314492,0.1683007,0.04046404,0.7353421
1,"DoubleTap","Horizontal",2,29.25223,0.02265625,0.4155251,0.04268782,0.7940312,0.04951241,-1.577388,0.1184848,-0.02783334,0.7199638,0.142263,0.03017762,0.7319385,0.1670184,0.03547914,0.738928
1,"DoubleTap","Horizontal",2,32.98594,0.002000699,-2.560217,0.002001815,-0.7802804,0.001999884,-1.507824,0.1164856,-0.02853485,0.7171233,0.1437423,0.03065619,0.7322639,0.1676434,0.0372715,0.7375457
1,"DoubleTap","Horizontal",2,30.16343,0.02039329,1.068577,0.03512418,1.947577,0.02068103,1.085779,0.1180809,-0.02754156,0.7182306,0.1421094,0.02710642,0.7333334,0.1661284,0.038426,0.7362449
1,"DoubleTap","Horizontal",2,25.15269,0.02791869,1.543555,0.02650015,1.456806,0.02867052,1.589553,0.1179195,-0.03005842,0.7206472,0.1422506,0.02726729,0.7350866,0.1687129,0.03914113,0.7377157
1,"DoubleTap","Horizontal",2,34.60283,0.01169311,-0.5119419,0.01353596,-1.642993,0.05251941,-1.321632,0.1230427,-0.02928017,0.7230295,0.1438485,0.02885711,0.7353944,0.1690235,0.04301387,0.7371825
1,"DoubleTap","Horizontal",2,25.21917,0.04345763,2.516463,0.04386409,2.540855,0.1724316,10.19522,0.1174085,-0.02900696,0.7196477,0.1409939,0.02861954,0.7327689,0.1682762,0.04292535,0.7346563
1,"DoubleTap","Horizontal",2,33.4025,0.06068233,3.40186,0.05886345,3.29464,0.04098475,2.242738,0.1172387,-0.02482333,0.7141275,0.1412178,0.03075909,0.7284307,0.1674294,0.04287986,0.7321236
1,"DoubleTap","Horizontal",2,34.40289,0.1400968,5.19007,0.01063981,0.09096994,0.02447018,0.7810125,0.1277806,-0.02912623,0.7252814,0.1437284,0.02533477,0.7357159,0.1673372,0.03524899,0.7393052
1,"DoubleTap","Horizontal",2,31.8358,0.02227199,0.4790871,0.01683281,-0.2431569,0.0115747,-3.267019,0.1190027,-0.02670696,0.7177281,0.1417669,0.02894673,0.73084,0.1663633,0.03637604,0.7369418
1,"DoubleTap","Horizontal",2,25.26919,0.0009783618,-0.8653203,0.0009786916,-0.7785442,0.0009800304,-1.220884,0.1172526,-0.02938282,0.719381,0.140804,0.02889773,0.7331272,0.1685192,0.04484822,0.7341664
1,"DoubleTap","Horizontal",2,23.96868,0.0006601351,-2.731967,0.0006594739,-3.948993,0.0006621891,-3.807007,0.1193987,-0.02666887,0.7194443,0.1420529,0.02800743,0.7324362,0.1661072,0.03724791,0.7368699
1,"DoubleTap","Horizontal",2,32.01905,0.004188473,-4.783305,0.004191947,-1.330175,0.004192233,-0.4516562,0.1192289,-0.02703551,0.7194855,0.141488,0.02873799,0.7311566,0.1654669,0.03868712,0.7356457
1,"DoubleTap","Horizontal",2,25.78673,0.01349395,-0.06111503,0.01689509,-0.7054797,0.09682527,-1.73043,0.1194378,-0.02984735,0.7196968,0.1407731,0.02902606,0.7317597,0.1659561,0.03964757,0.7359837
1,"DoubleTap","Horizontal",2,21.6358,0.004696743,-2.244731,0.004696212,-3.077635,0.004698169,-2.767312,0.1211846,-0.02755411,0.627668,0.1373409,0.04448941,0.6305264,0.167581,0.05066174,0.6405789
1,"DoubleTap","Horizontal",2,26.43598,0.04856446,0.5276321,0.04797007,-3.109862,0.0659095,0.4136164,0.1204281,-0.02818072,0.7207566,0.1426773,0.03087047,0.7320488,0.1672844,0.03824709,0.7369444
1,"DoubleTap","Horizontal",2,25.63578,0.01584011,0.7843602,0.0431092,2.410258,0.1335691,7.805565,0.1176858,-0.02774123,0.7177454,0.1404196,0.03332495,0.7275914,0.1672435,0.045412,0.7315555
1,"DoubleTap","Horizontal",3,36.95188,0.00339155,-3.524588,0.003390355,-2.068826,0.003389652,-1.586802,0.1180364,-0.01875457,0.6715944,0.1422681,0.04736005,0.6788982,0.1722737,0.05590262,0.6882806
1,"DoubleTap","Horizontal",3,37.51877,0.4421526,21.30952,0.4203471,20.01469,0.3982822,18.70412,0.1104289,0.01081128,0.6852788,0.1342208,0.06073745,0.6924167,0.1623576,0.06741969,0.7008398
1,"DoubleTap","Horizontal",3,37.65211,0.1586503,-11.33791,0.1586542,-12.28229,0.1586542,-8.1018,0.1112554,-0.005888016,0.7308788,0.133168,0.04710115,0.7445011,0.1617391,0.05729207,0.7498731
1,"DoubleTap","Horizontal",3,38.00197,0.01719953,0.2822721,0.01460917,0.1269812,0.02311152,0.6376445,0.1229684,-0.003486382,0.7213199,0.1480996,0.04920308,0.7354385,0.1735852,0.06010487,0.7390643
1,"DoubleTap","Horizontal",3,37.08542,0.05190564,-1.053777,0.05553921,-0.7405972,0.02920335,-3.204961,0.1181999,-0.01371425,0.669549,0.1427805,0.05256027,0.6739567,0.1725108,0.06036392,0.6832786
1,"DoubleTap","Horizontal",4,40.96884,0.2098404,9.943332,0.211813,10.06044,0.2209514,10.60263,0.1160942,0.01108062,0.6039796,0.1390032,0.06851329,0.6046372,0.1670278,0.07316209,0.6180984
1,"DoubleTap","Horizontal",4,42.00236,0.01791354,0.9573944,0.03428084,1.946028,0.01875698,1.008173,0.1277238,-0.01508828,0.7214513,0.1485165,0.05160436,0.7348436,0.175305,0.06315237,0.7384518
1,"DoubleTap","Horizontal",4,42.03595,0.02163783,0.4480364,0.009762599,-0.4505323,0.0241136,0.4718227,0.127718,-0.01513585,0.7212687,0.1484135,0.05173443,0.7347708,0.1752493,0.0635033,0.7383351
1,"DoubleTap","Horizontal",4,42.5197,0.0134412,-4.217152,0.056793,1.720473,0.05471188,1.767506,0.128736,-0.01703658,0.7203473,0.148413,0.05026487,0.733691,0.1749188,0.06349511,0.7361099
1,"DoubleTap","Horizontal",4,41.61873,0.1078901,-2.157552,0.1048923,-2.587453,0.08648425,1.025695,0.1290775,-0.02163227,0.7275127,0.1509181,0.04192488,0.7418196,0.1787226,0.0507885,0.7442098
1,"DoubleTap","Horizontal",4,41.56883,0.06877212,-0.2536888,0.06880008,-1.337527,0.06880859,0.06675953,0.1327998,-0.02421358,0.732919,0.1516605,0.04005475,0.7450494,0.1801431,0.05227228,0.7460222
1,"DoubleTap","Horizontal",4,42.58619,0.02436268,0.8592726,0.02538585,1.055565,0.04191029,-1.598298,0.1280379,-0.0167907,0.7198044,0.1484304,0.05024607,0.7334513,0.1749523,0.06261303,0.7367418
1,"DoubleTap","Horizontal",5,46.08585,0.4759081,7.632917,0.4671044,5.017292,0.3966757,2.297662,0.1338765,-0.003350207,0.7175931,0.1557375,0.0538819,0.725216,0.1832321,0.06290879,0.7286233
1,"DoubleTap","Horizontal",5,47.21934,0.0005989681,-1.024878,0.0005996597,-1.350801,0.000594183,-2.054628,0.1296462,-0.0113799,0.7213151,0.1531003,0.04849843,0.7327334,0.1777764,0.05293944,0.7386143
1,"DoubleTap","Horizontal",5,46.60302,0.003192383,-0.3558941,0.003186688,-1.092379,0.003183156,-1.532802,0.1285231,-0.01162517,0.7221658,0.1505557,0.04786305,0.7338492,0.1772729,0.05839997,0.7369499
1,"DoubleTap","Horizontal",5,47.02108,0.04283014,2.550776,0.02582557,1.530897,0.05236358,3.121944,0.1299915,-0.01051668,0.721018,0.1515433,0.04768355,0.7327461,0.1775015,0.0605482,0.7351347
1,"DoubleTap","Horizontal",5,46.53576,0.01651728,0.7033901,0.01989385,0.9008126,0.009666879,0.30281,0.1291879,-0.01192469,0.7226425,0.1513025,0.04752997,0.7344226,0.1782374,0.05815263,0.7375166
1,"DoubleTap","Horizontal",5,47.26929,0.06382571,1.380375,0.01717397,-1.618172,0.02884562,-1.942045,0.1280959,-0.01103307,0.7196432,0.1517818,0.04871305,0.73177,0.1766866,0.05450492,0.7373864
1,"DoubleTap","Horizontal",5,45.45281,0.0210942,-1.324136,0.02749688,0.5504568,0.04835923,1.082244,0.1354869,-0.004513086,0.5510811,0.1609046,0.06444734,0.5520283,0.1920793,0.07253298,0.5625756
1,"DoubleTap","Horizontal",6,51.9529,0.1486787,1.630937,0.1486789,-0.9672695,0.1486793,1.123609,0.1132308,-0.01445843,0.7322592,0.1346059,0.044777,0.7387095,0.1605959,0.04963129,0.747786
1,"DoubleTap","Horizontal",6,52.65255,0.004382326,0.08084454,0.05481099,3.148687,0.03164706,1.739394,0.1194428,-0.008938886,0.7196164,0.1427442,0.04881069,0.7296579,0.1655202,0.05850321,0.7345481
1,"DoubleTap","Horizontal",6,51.20267,0.0008777992,-0.6313956,0.0008756787,-0.219593,0.0008772165,-0.1511812,0.1173516,-0.01034135,0.6819956,0.1382926,0.05110517,0.689557,0.1673668,0.05718174,0.6990296
1,"DoubleTap","Horizontal",6,53.0364,0.01589307,-0.3097995,0.01376814,-2.350503,0.01602056,-5.300198,0.1191972,-0.009047293,0.7197564,0.1450255,0.04487891,0.7340248,0.1675728,0.05501809,0.737353
1,"DoubleTap","Horizontal",6,51.40237,0.001672819,-0.5471408,0.001673274,-1.619236,0.00167365,-1.818804,0.1175747,-0.009311133,0.6816389,0.1391009,0.05152404,0.6885296,0.167646,0.0587557,0.6967496
1,"DoubleTap","Horizontal",6,51.91889,0.1661585,-40.5885,0.149386,-39.57775,0.1664752,-40.4176,0.1129312,-0.014005,0.7319474,0.1334635,0.04422108,0.7385979,0.160712,0.04958244,0.7475748
1,"DoubleTap","Horizontal",7,59.15368,0.02365966,0.7451714,0.0210355,-0.2683482,0.03363271,-2.711261,0.1154754,-0.02338336,0.720368,0.136476,0.02939107,0.7314369,0.1615597,0.0425753,0.7331675
1,"DoubleTap","Horizontal",7,58.76923,0.5396318,26.93525,0.7042449,36.92395,0.657894,34.11149,0.1134662,-0.01952361,0.7174464,0.1315553,0.03270674,0.7232683,0.1586708,0.04240723,0.7268783
1,"DoubleTap","Horizontal",7,58.83562,0.03115243,-4.324323,0.03115994,-6.092173,0.03115322,-4.578646,0.1139817,-0.01856046,0.7147932,0.1338319,0.03456168,0.7190943,0.1612018,0.04528306,0.7233821
1,"DoubleTap","Horizontal",7,59.3031,0.002540659,-0.7733214,0.002544192,-1.287775,0.002541088,-5.052708,0.1153379,-0.02467487,0.722039,0.1356511,0.02858524,0.7327253,0.1593437,0.03583575,0.7371854
1,"DoubleTap","Horizontal",7,57.82094,0.03452889,1.347507,0.01837826,0.7606702,0.02727357,1.289397,0.1198605,-0.01735214,0.6329409,0.1396027,0.03975663,0.6394742,0.1667944,0.04469989,0.6516347
1,"DoubleTap","Horizontal",7,59.70291,0.06556232,1.811159,0.03919112,1.641416,0.04688736,1.900232,0.1152528,-0.02460292,0.7210649,0.1365821,0.02964345,0.7318289,0.1606888,0.03405158,0.736964
1,"DoubleTap","Horizontal",7,58.06949,0.005979307,-0.880238,0.005979398,-0.9960833,0.005983579,-0.9497592,0.1196992,-0.01655177,0.6314808,0.1389075,0.04084468,0.6375824,0.1664877,0.04571752,0.6502495
1,"DoubleTap","Horizontal",8,67.10322,0.01445421,0.5880393,0.06795549,3.830066,0.1238547,7.217589,0.1191922,-0.01942293,0.7191547,0.1401628,0.03344252,0.728898,0.1640572,0.0394032,0.7344418
1,"DoubleTap","Horizontal",8,65.3368,0.4402604,-16.48612,0.3855816,-16.37714,0.3241097,-18.27579,0.1128663,-0.002653489,0.6590441,0.1347237,0.04587889,0.6628764,0.1602246,0.05319628,0.6708583
1,"DoubleTap","Horizontal",8,67.31863,0.006186754,-1.521469,0.02823932,-3.62537,0.05127547,2.505049,0.1207917,-0.01984215,0.7207613,0.1413666,0.02959854,0.7309285,0.1637218,0.03498352,0.7354665
1,"DoubleTap","Horizontal",8,67.90297,0.0008027695,-2.07568,0.0008019865,-0.5822793,0.0008001715,-0.7814878,0.120492,-0.01883399,0.7204186,0.140575,0.03057852,0.7292494,0.1635847,0.03634445,0.7337723
1,"DoubleTap","Horizontal",8,65.41896,0.4296331,-11.43338,0.4296405,-8.047717,0.4296407,-6.362528,0.1078476,0.0027226,0.6987324,0.1305216,0.05298903,0.6997243,0.1573811,0.05988906,0.7062647
1,"DoubleTap","Horizontal",8,65.16938,0.1267637,6.228986,0.1210504,5.875239,0.1224774,5.963588,0.1322982,-0.01444303,0.5976775,0.1529856,0.0301184,0.6065995,0.1768384,0.03643067,0.6159882
1,"DoubleTap","Horizontal",8,65.21947,0.07934205,-14.3356,0.07934543,-13.03314,0.07934204,-13.22813,0.1287513,-0.01147793,0.6073695,0.14967,0.0342783,0.6151882,0.1736798,0.04049648,0.6248483
1,"DoubleTap","Horizontal",8,65.63604,0.03498192,-29.68848,0.03498456,-37.80822,0.03498273,-39.63969,0.1206644,-0.01032282,0.7103767,0.1416436,0.04543519,0.7092201,0.1700163,0.04955107,0.7156277
1,"DoubleTap","Horizontal",8,67.2028,0.03062487,-0.144485,0.04666309,0.01425573,0.0763628,2.701602,0.1199532,-0.01822185,0.7184262,0.141453,0.034301,0.7258406,0.1638821,0.03786923,0.7323878
1,"DoubleTap","Horizontal",8,64.70335,0.02625264,0.3292461,0.02181849,-0.0889999,0.0186703,-1.252778,0.1315341,-0.02127082,0.5884901,0.1499448,0.02110972,0.5984418,0.1742422,0.03021749,0.6068328
1,"DoubleTap","Horizontal",9,72.41895,0.297172,-2.121217,0.2721117,-2.560159,0.255461,-3.185922,0.1212075,0.002174576,0.6399207,0.1471355,0.05175358,0.6438395,0.1734723,0.0564878,0.6531305
1,"DoubleTap","Horizontal",9,75.83612,0.02529411,-0.1441688,0.0408642,0.9388123,0.0294185,-1.529855,0.1275641,-0.009685406,0.7196296,0.1535783,0.03814302,0.7296371,0.179035,0.04296687,0.7339262
1,"DoubleTap","Horizontal",9,72.25296,0.1445882,8.001867,0.1344025,7.381501,0.1272664,6.946867,0.1263598,-0.008984073,0.6088503,0.1534406,0.04063337,0.6165527,0.1803247,0.04607795,0.6271825
1,"DoubleTap","Horizontal",9,73.41938,0.009040994,0.5176404,0.04697719,2.824582,0.03096347,1.850975,0.1288595,-0.01061485,0.7208263,0.1548044,0.03779645,0.7302237,0.1807975,0.04767827,0.7318968
1,"DoubleTap","Horizontal",9,73.18599,0.001530177,-0.9674332,0.001528009,-0.9098889,0.001529326,-1.586224,0.129695,-0.01058051,0.7215679,0.1570999,0.03806635,0.731836,0.1839576,0.04815087,0.7324421
1,"DoubleTap","Horizontal",9,73.91936,0.0267371,-0.5103068,0.02057798,-0.5846593,0.01323272,-0.8092743,0.1267134,-0.009665124,0.7180804,0.1540311,0.0375338,0.7276434,0.1794391,0.0456554,0.7305242
1,"DoubleTap","Horizontal",9,74.6199,0.02906294,0.4013872,0.06686673,1.032408,0.06104981,0.3727699,0.1265213,-0.01205525,0.7220595,0.1553726,0.03741335,0.7324833,0.1814304,0.04291118,0.7361274
1,"DoubleTap","Horizontal",9,74.48656,0.01575193,0.8633374,0.01168334,-1.646543,0.01993249,0.002027532,0.126984,-0.008945042,0.7192104,0.1547323,0.0393986,0.7268348,0.180361,0.04584091,0.7300622
1,"DoubleTap","Horizontal",9,74.68639,0.04133687,1.521911,0.0677122,2.65256,0.0661106,1.885046,0.1268305,-0.01122139,0.721393,0.1553511,0.03817924,0.731048,0.1808695,0.0435898,0.7344943
1,"DoubleTap","Horizontal",9,75.60275,0.001191625,-0.7742921,0.001191421,-0.6748356,0.001192238,-1.183452,0.1262131,-0.009802493,0.7196446,0.1539912,0.03725699,0.7295617,0.1791875,0.04393403,0.7317305
1,"DoubleTap","Horizontal",9,73.13591,0.04929146,2.539364,0.02458552,1.05735,0.0235593,0.9958336,0.1295779,-0.01066519,0.721369,0.1572311,0.0378877,0.7320862,0.1838036,0.04750074,0.7331266
1,"DoubleTap","Horizontal",9,75.77065,0.03336404,1.84112,0.05000044,2.812868,0.06177498,3.500608,0.12759,-0.009391638,0.7197483,0.1540154,0.0381201,0.7291351,0.1796843,0.0441062,0.7321246
1,"DoubleTap","Horizontal",10,82.53579,0.0027022,-0.7571741,0.002699668,-0.9950107,0.002701065,-1.156772,0.1259576,0.002874425,0.7200313,0.1575858,0.05265024,0.7272527,0.1824223,0.05492488,0.7330148
1,"DoubleTap","Horizontal",10,82.11919,0.01178982,0.4486254,0.03013225,1.234886,0.02080845,0.6397148,0.1241438,0.002314602,0.7188836,0.1577899,0.05058044,0.7279806,0.1834548,0.05511421,0.7318479
1,"DoubleTap","Horizontal",10,82.72063,0.02267811,0.7182674,0.01525779,0.3386174,0.1281149,5.612533,0.1246952,0.002155261,0.7193781,0.155767,0.04979978,0.7288728,0.1801161,0.05224615,0.7340097
1,"DoubleTap","Horizontal",10,80.43735,0.1253796,6.056658,0.1752464,8.900919,0.1255853,6.06838,0.1249056,0.01016385,0.7108161,0.1588314,0.06279951,0.7104737,0.1884395,0.06408186,0.7162139
1,"DoubleTap","Horizontal",10,80.84111,0.01408795,-1.300962,0.02635217,-0.2670715,0.01865365,-0.006912667,0.1263615,-0.0008518138,0.7237352,0.1591195,0.0502502,0.7319239,0.1850905,0.05454886,0.7359033
1,"DoubleTap","Horizontal",10,79.58608,0.0131602,-0.8353264,0.01316,-0.5471507,0.01316308,-0.4680181,0.118428,-0.02466711,0.6192693,0.1494342,0.02798543,0.6261002,0.1753367,0.03184839,0.6359581
1,"DoubleTap","Horizontal",10,79.90272,0.1367203,-5.7577,0.1265667,-4.423932,0.1291721,-4.023545,0.1234678,0.004250069,0.6188394,0.1564412,0.05489867,0.6209873,0.1808945,0.05652914,0.6316941
1,"DoubleTap","Horizontal",10,81.86947,0.0009460451,-0.2226966,0.0009471931,-1.966932,0.000947095,-0.3842777,0.1231822,0.002719344,0.7188702,0.1573617,0.04986817,0.7296927,0.1826312,0.0546122,0.7330909
1,"DoubleTap","Horizontal",10,79.70318,0.1025549,0.828545,0.1027935,0.623952,0.08591626,0.3028665,0.1218694,-0.01888847,0.619876,0.1531497,0.03381593,0.6245922,0.1787097,0.03698983,0.6343746
1,"DoubleTap","Horizontal",10,81.56947,0.02766775,-0.04903191,0.0213913,-0.04751277,0.046669,0.9413012,0.1251401,0.002524603,0.719848,0.1566419,0.05107161,0.7272195,0.1817821,0.05474832,0.7314163
1,"DoubleTap","Horizontal",10,82.51869,0.01564796,-2.201585,0.01971184,-3.578728,0.02247894,-1.048841,0.1259165,0.002865802,0.7200122,0.1575446,0.05264165,0.7272337,0.1823812,0.05491628,0.7329957
1,"DoubleTap","Horizontal",10,82.15294,0.002402126,0.05418163,0.02268311,1.275838,0.0406555,2.358171,0.124166,0.002308494,0.7188494,0.1576666,0.05027191,0.7281572,0.1831873,0.05457513,0.7321494
1,"Tap","Horizontal",11,91.36999,0.003326127,0.1645377,0.02250591,1.293223,0.0158927,0.9041041,0.1235429,-0.01276147,0.7200333,0.153916,0.03487843,0.7317951,0.1825186,0.0442684,0.7333117
1,"Tap","Horizontal",11,91.73661,0.05011198,-1.093524,0.05469352,1.417717,0.1702537,3.386624,0.1214339,-0.01262977,0.7191868,0.1541103,0.03901621,0.7296326,0.18407,0.04809549,0.7317077
1,"Tap","Horizontal",11,88.91962,0.1150649,4.58443,0.09430143,0.959825,0.08688939,1.269811,0.1257907,-0.02583387,0.5965194,0.1595415,0.02003001,0.6099812,0.1826444,0.02548529,0.6194454
1,"Tap","Horizontal",11,90.93614,0.001012305,-1.30626,0.001008831,-1.32249,0.001012152,-7.737533,0.1247443,-0.01318638,0.7214746,0.1532488,0.03734741,0.7301002,0.1816101,0.04219667,0.7341989
1,"Tap","Horizontal",11,89.11968,0.07566707,1.899161,0.07188772,1.414554,0.07225166,0.9086241,0.1262428,-0.01861112,0.6164522,0.1606807,0.02930734,0.6277924,0.1837983,0.03245097,0.6379785
1,"Tap","Horizontal",11,90.86951,0.0008002206,-1.203844,0.0008034623,-1.287178,0.0008004111,-1.080612,0.1246017,-0.01336584,0.7218044,0.153745,0.03746947,0.7313686,0.1831563,0.04466232,0.7342769
1,"Tap","Horizontal",11,91.68612,0.0002766683,-1.894656,0.0002750968,-0.999886,0.0002744667,-1.625574,0.1236654,-0.01314817,0.7212027,0.1549772,0.03741035,0.7303998,0.1830435,0.04346,0.7334338
1,"Tap","Horizontal",11,89.08611,0.1674561,6.201745,0.1665973,6.151056,0.1674793,6.203135,0.1251769,-0.01931374,0.615135,0.1594646,0.02823768,0.6267447,0.1824778,0.0313179,0.6368214
1,"Tap","Horizontal",11,89.45294,0.8072686,-7.637234,0.8024089,-3.628874,0.816537,-3.554967,0.1183657,0.006239744,0.7281839,0.1523873,0.05516802,0.7334498,0.1775718,0.05478888,0.7423264
1,"Tap","Horizontal",11,91.88641,0.0005299416,-1.751594,0.0005299224,-1.999871,0.0005362627,-1.433525,0.1221445,-0.01318897,0.7196431,0.1541404,0.03935604,0.7279162,0.1830471,0.04787887,0.7303913
1,"Tap","Horizontal",12,95.20272,0.05598677,3.356804,0.04455453,2.663408,0.03104705,1.843927,0.1145789,-0.007071652,0.7200712,0.1476723,0.04432344,0.7324551,0.1774579,0.05220479,0.7346228
1,"Tap","Horizontal",12,94.52068,0.2919637,0.3247772,0.2919593,10.65538,0.2919536,9.621471,0.1101584,-0.007207358,0.7382397,0.1492545,0.04492404,0.7505042,0.1813138,0.04944083,0.7540781
1,"Tap","Horizontal",12,95.16967,0.08758064,4.087993,0.04989079,1.327183,0.03516388,0.5528775,0.1149707,-0.007591178,0.7207171,0.148001,0.04402055,0.7330294,0.1778683,0.05216413,0.73492
1,"Tap","Horizontal",12,94.25306,0.05567452,2.776973,0.07729219,4.111983,0.08811112,4.780273,0.1108593,-0.001821324,0.6527037,0.1485844,0.05016488,0.6604942,0.1795046,0.05306574,0.6675636
1,"Tap","Horizontal",12,93.85358,0.02125523,0.0307487,0.04889147,1.277184,0.01926722,-0.2980378,0.1133005,-0.004431952,0.6500075,0.1484163,0.04518075,0.6597806,0.1802669,0.04854473,0.6666623
1,"Tap","Horizontal",12,94.43635,0.2909885,-35.98123,0.2909922,-43.66536,0.2909917,-41.44741,0.1050287,0.01040507,0.716915,0.1445886,0.06285946,0.7209824,0.1764054,0.06538612,0.7268001
1,"Tap","Horizontal",13,98.56937,0.03359947,-4.475444,0.03360343,-5.69518,0.03360305,-8.656979,0.1155862,-0.03237144,0.7247016,0.145015,0.02057318,0.7363677,0.1738989,0.01972029,0.7430117
1,"Tap","Horizontal",13,98.83585,0.002219159,-3.704926,0.002226865,-2.829683,0.002223822,-2.634368,0.11601,-0.03210497,0.7217378,0.1443067,0.01883727,0.7333987,0.1723851,0.02077508,0.738243
1,"Tap","Horizontal",13,99.15377,0.02711264,1.22063,0.06613506,3.099959,0.05826676,2.974098,0.1149069,-0.03092371,0.7188637,0.1446742,0.02199043,0.7297099,0.1730951,0.02511737,0.7342745
1,"Tap","Horizontal",13,98.25262,0.7155834,18.42845,0.6678811,16.08502,0.6794402,17.46064,0.1022766,-0.009627744,0.6712364,0.1408822,0.04201521,0.678158,0.1726865,0.04326878,0.6854408
1,"Tap","Horizontal",13,98.50274,0.09739313,-4.928971,0.09739985,-4.792366,0.09739359,-5.742329,0.1137281,-0.03602788,0.7305179,0.1442424,0.01599962,0.7422578,0.1730265,0.01305443,0.7503918
1,"Tap","Horizontal",14,101.0027,0.003700015,-1.252375,0.01195929,-0.3378294,0.01828265,-0.4635624,0.1108427,0.000296273,0.6216883,0.1463127,0.05688126,0.6263449,0.180142,0.06055798,0.6329466
1,"Tap","Horizontal",14,101.6369,0.05516572,-3.653236,0.06430814,-2.859195,0.02087912,-5.33351,0.1117093,-0.007700659,0.7170773,0.1524129,0.04461702,0.7330071,0.1835539,0.05238933,0.7353965
1,"Tap","Horizontal",14,101.9358,0.009405795,0.4749388,0.02105143,1.160163,0.004133642,0.164826,0.1140125,-0.008414663,0.7164389,0.1536537,0.04681299,0.7314389,0.183246,0.05113182,0.7354082
1,"Tap","Horizontal",14,101.069,0.01477624,0.374155,0.01011309,0.0007222351,0.006748102,-0.6038033,0.1107671,0.0004880751,0.6212993,0.1467979,0.05698717,0.6262352,0.180272,0.06040392,0.6333588
1,"Tap","Horizontal",14,101.5194,0.1359938,-9.588983,0.1359864,-2.620343,0.1359898,-8.715072,0.111906,-0.01270641,0.7317547,0.1511097,0.03895593,0.7476956,0.1838244,0.04832625,0.7489329
1,"Tap","Horizontal",14,101.8855,0.03865382,2.71926,0.02426001,1.655782,0.03292301,2.295885,0.1139406,-0.008245544,0.7160252,0.1538698,0.04643421,0.7318738,0.1833847,0.05140584,0.7352169
1,"Tap","Horizontal",15,105.1692,0.1648791,5.573929,0.1751551,6.204141,0.1811935,6.574524,0.1190223,-0.01355797,0.7261781,0.1686682,0.04447008,0.7394028,0.2032548,0.04098619,0.7432348
1,"Tap","Horizontal",15,105.2703,0.04341259,-0.6440547,0.0413515,-0.353737,0.04477832,-0.5603754,0.1224172,-0.01214112,0.7231038,0.1695229,0.04700395,0.7344819,0.203912,0.04391843,0.7387834
1,"Tap","Horizontal",15,105.286,0.07820921,2.211864,0.02934359,-0.7632886,0.03487631,-0.6294265,0.1217207,-0.01183194,0.7221378,0.1692191,0.04725073,0.7342371,0.2037273,0.04435609,0.7385088
1,"Tap","Horizontal",15,104.5029,0.02578814,0.3670371,0.01499456,-1.489849,0.01493867,-1.41627,0.1172485,-0.005280036,0.6399306,0.1593323,0.05640175,0.6449578,0.19238,0.05671022,0.6533761
1,"Tap","Horizontal",16,107.969,0.361019,-29.46865,0.3610158,-32.72677,0.3610193,-32.10065,0.1023428,-0.002079776,0.7373545,0.1410702,0.05980811,0.7502027,0.1770847,0.06136304,0.7556331
1,"Tap","Horizontal",16,107.9526,0.8468723,19.11713,0.900586,13.16542,0.8902666,23.2023,0.103052,-0.002735499,0.7314813,0.1417795,0.05915233,0.7443295,0.177794,0.06070726,0.7497599
1,"Tap","Horizontal",16,107.9193,0.4249431,-38.61185,0.4249536,-44.34656,0.4249426,-38.85321,0.1026788,0.01185115,0.7139323,0.1441651,0.07113437,0.7211198,0.1781746,0.07050845,0.7288755
1,"Tap","Horizontal",16,108.1861,0.02478309,-3.771899,0.02478663,-4.35253,0.02478342,-3.710368,0.1096363,-0.01838727,0.7234427,0.1394272,0.05080583,0.7365584,0.1777809,0.05146514,0.7416446
1,"Tap","Horizontal",17,110.2194,0.01051612,-0.4226816,0.008962745,-0.08282149,0.01412381,0.6579055,0.1303312,-0.03151018,0.649052,0.1587149,0.03268035,0.663271,0.1930329,0.03975779,0.6683853
1,"Tap","Horizontal",17,111.003,0.02108628,-2.629069,0.02109264,-4.080829,0.0210896,-4.027637,0.1373154,-0.03775561,0.7228456,0.1465654,0.02909188,0.7350836,0.1819326,0.0365463,0.7398545
1,"Tap","Horizontal",17,111.37,0.006598809,0.2280009,0.01686877,0.8696211,0.01282653,0.6169331,0.136116,-0.03786454,0.7190233,0.145843,0.03131891,0.7296433,0.1813067,0.03880742,0.7359143
1,"Tap","Horizontal",17,111.4041,0.02224933,0.6429217,0.02396387,0.657805,0.01195572,0.2615306,0.1363769,-0.03777228,0.7195205,0.1459724,0.03141433,0.7300133,0.1813667,0.03910131,0.7360416
1,"Tap","Horizontal",18,113.7529,0.006171882,-1.026548,0.006172042,-1.613575,0.006174653,-1.550542,0.121213,-0.01552066,0.7204844,0.1257262,0.0634509,0.7310092,0.1634103,0.07478213,0.7361665
1,"Tap","Horizontal",18,114.0362,0.002752297,-1.989756,0.002750892,-3.400158,0.00274962,-3.00891,0.1208674,-0.01457061,0.7182537,0.1254956,0.06398082,0.7290514,0.1626368,0.07381392,0.7359771
1,"Tap","Horizontal",18,113.4862,0.3680895,4.705826,0.3190494,1.818219,0.3203038,1.89209,0.1151403,-0.01085693,0.7373079,0.1253768,0.06331835,0.7510114,0.1613189,0.07267109,0.7571816
1,"Tap","Horizontal",18,114.0204,0.03410031,-3.881984,0.05631936,-3.236738,0.05015409,-0.2424052,0.1209059,-0.01459044,0.7182565,0.125534,0.063961,0.7290541,0.1626752,0.07379411,0.7359799
1,"Tap","Horizontal",19,116.6031,0.005518109,-0.1647942,0.0261292,1.099316,0.05448629,-2.874994,0.130168,-0.009361633,0.7174683,0.1610482,0.06154388,0.7316044,0.1985915,0.06890856,0.7354214
1,"Tap","Horizontal",19,116.7363,0.01287708,0.6316206,0.03185586,1.768009,0.1025439,6.000606,0.1289825,-0.009157402,0.7167777,0.1605219,0.06197884,0.7305269,0.1965249,0.06563841,0.7360512
1,"Tap","Horizontal",19,116.67,0.01763213,0.3200781,0.02829306,-0.3108563,0.01074612,0.2236998,0.1294742,-0.009379217,0.7170156,0.1609559,0.06261602,0.7304717,0.1983255,0.06865674,0.7349547
1,"Tap","Horizontal",19,115.6527,0.004921455,-0.159232,0.01334676,0.06803815,0.01232375,-0.123039,0.1361585,-0.01945203,0.6167278,0.1546472,0.04972987,0.6186024,0.192548,0.06273326,0.6226569
1,"Tap","Horizontal",20,118.7042,0.002926632,-1.450113,0.002925642,-1.072726,0.002927294,-1.900549,0.1296415,-0.0228688,0.5993686,0.1552616,0.04665089,0.6048703,0.1942829,0.05879268,0.6093308
1,"Tap","Horizontal",20,118.8534,0.02961774,1.401221,0.03181298,1.52839,0.03282394,1.586943,0.1268576,-0.01924424,0.6008142,0.1527561,0.04994689,0.6057956,0.1913284,0.06084201,0.6103872
1,"Tap","Horizontal",20,119.7532,0.03860501,2.21344,0.006045931,0.2910151,0.01064561,0.5626451,0.1201392,-0.01749374,0.7198771,0.122112,0.06184585,0.7298965,0.1614887,0.06949374,0.737804
1,"Tap","Horizontal",20,119.203,0.3321665,-1.115789,0.2912328,-3.581629,0.3152639,-2.134132,0.1118472,-0.01223025,0.7437102,0.1204353,0.06372767,0.7578684,0.1602103,0.07469808,0.7636944
1,"No Tap","Horizontal",21,134.1309,0.3693204,8.454462,0.3642221,8.572862,0.3604295,8.185354,0.1745499,-0.08900844,0.4246691,0.1992946,-0.03493958,0.460288,0.219655,-0.03257764,0.4764272
1,"No Tap","Horizontal",21,133.2363,0.04371824,-4.047298,0.03769289,-4.404387,0.02767004,-4.997754,0.2684151,-0.1035774,0.4523113,0.2910436,-0.04631938,0.4892842,0.3120984,-0.04859792,0.505834
1,"No Tap","Horizontal",21,126.1527,0.4866297,24.1661,0.3149494,11.62978,0.7806152,45.63281,0.02799829,-0.06160421,0.4261496,0.1016197,0.009962391,0.4411027,0.1145139,-0.02100609,0.4677032
1,"No Tap","Horizontal",21,133.3362,0.1590853,1.086662,0.1673275,1.09914,0.1630848,1.464557,0.2605551,-0.1062187,0.4500903,0.2830565,-0.04994631,0.4879058,0.3040162,-0.05109338,0.5047885
1,"No Tap","Horizontal",21,131.0192,0.7070003,-23.28238,0.7070003,-29.67046,0.7069998,-25.9725,-0.2379115,-0.4051197,-0.8652739,-0.2532657,-0.348871,-0.9138852,-0.2820996,-0.3203852,-0.9214596
1,"No Tap","Horizontal",21,123.9021,0.9021797,6.975347,0.9529402,1.558782,0.945764,7.120006,-0.01473003,-0.1803761,0.3911259,0.01803483,-0.1291566,0.4282512,0.04711918,-0.09840848,0.4272375
1,"No Tap","Horizontal",21,135.7859,0.19564,-0.2759594,0.2350166,-0.6017933,0.2067384,-1.02327,0.1595876,-0.08504904,0.3371015,0.1809442,-0.0303683,0.360033,0.1731535,-0.04497821,0.3928468
1,"No Tap","Horizontal",21,128.4691,1.224734,-16.66604,1.224737,-23.2592,1.224741,-22.75883,-0.3543232,-0.5927057,-0.6570378,-0.4108376,-0.5675424,-0.7081063,-0.4308443,-0.5796387,-0.7015433
1,"No Tap","Horizontal",21,134.8529,0.09355072,-2.804908,0.09355101,-5.509516,0.09355133,-4.326057,0.1579115,-0.1329385,0.3660667,0.1713787,-0.07694187,0.3709559,0.1717743,-0.09002233,0.3946222
1,"No Tap","Horizontal",21,121.8696,0.03360176,-6.500496,0.03360881,-5.679267,0.03360884,-3.756202,0.1294076,-0.03817835,0.5666782,0.1496708,0.03541115,0.5699059,0.1863048,0.04313584,0.5783625
1,"No Tap","Horizontal",21,123.4692,1.241472,52.64009,1.342436,58.79533,1.204934,50.4126,0.2332882,-0.09546617,0.4029379,0.286358,-0.03855107,0.4210281,0.3174772,-0.02401864,0.4076917
1,"No Tap","Horizontal",21,127.7694,0.5971749,-5.122782,0.5971729,-13.91463,0.5971742,-16.18501,-0.2163747,-0.3981517,-0.2688442,-0.2700089,-0.380343,-0.3048561,-0.298678,-0.3722269,-0.305354
1,"No Tap","Horizontal",21,129.0534,0.5962972,9.423182,0.4936059,-19.26499,0.522879,-8.421293,-0.5019671,-0.8302495,-0.9581277,-0.5027508,-0.8339221,-0.9664814,-0.559823,-0.8429148,-0.9844723
1,"No Tap","Horizontal",21,121.8865,0.1141215,4.769041,0.1407658,6.346713,0.08451102,3.014845,0.1291445,-0.03742458,0.5649245,0.1508855,0.03676614,0.5683773,0.1874275,0.04225903,0.5784451
1,"No Tap","Horizontal",21,123.3032,0.7767789,-5.779775,1.018202,-12.85923,0.9855081,-4.040974,0.1971911,-0.1826979,0.4587741,0.2429525,-0.1224251,0.4990305,0.2778285,-0.1166599,0.4964116
1,"No Tap","Horizontal",21,124.0363,0.633072,-4.957878,0.6166046,-4.422668,0.663595,-4.370275,-0.07521459,-0.1779718,0.3678993,-0.04984092,-0.1454381,0.412686,-0.02372971,-0.114633,0.4247193
1,"No Tap","Horizontal",21,127.1694,0.6630482,-32.21719,0.6630477,-38.5902,0.6630499,-42.40468,-0.4130943,-0.3597945,0.1226606,-0.4625421,-0.338754,0.1536237,-0.4781455,-0.3143784,0.1781669
1,"No Tap","Horizontal",21,130.6042,0.6299827,-44.65146,0.6297314,-60.12431,0.6297576,-61.32228,-0.5481467,-0.6913946,-0.8958491,-0.6413161,-0.6612675,-0.9235653,-0.661615,-0.6784241,-0.9061546
1,"No Tap","Horizontal",21,127.4692,0.8570769,8.87272,1.008626,9.04204,1.052959,9.235048,-0.3360937,-0.3644819,-0.1080557,-0.3984883,-0.341543,-0.1159517,-0.4228806,-0.3286932,-0.1046733
1,"No Tap","Horizontal",21,121.7862,0.04797674,-3.507781,0.04402857,-2.283061,0.04143468,-1.823751,0.1285575,-0.03956209,0.5718291,0.1471057,0.03494848,0.5740979,0.1847654,0.04664837,0.5796206
1,"No Tap","Horizontal",21,126.6028,0.7279417,-16.65794,0.7279411,-28.77768,0.7279385,-29.53403,-0.3003837,-0.2284748,0.4462629,-0.3104358,-0.1760571,0.4889244,-0.2927759,-0.1331766,0.5012197
1,"No Tap","Horizontal",21,126.5364,0.7551065,-23.03058,0.755104,-40.28506,0.755109,-39.3988,-0.2622502,-0.1750507,0.4529884,-0.2615549,-0.1152168,0.4901173,-0.2376111,-0.08067238,0.5006642
1,"No Tap","Horizontal",21,127.8919,0.2710948,-19.75861,0.3521843,-14.97506,0.411741,-11.46214,-0.1811227,-0.4156483,-0.3127005,-0.228476,-0.3991597,-0.3557909,-0.2558853,-0.3956912,-0.3602973
1,"No Tap","Horizontal",21,132.036,1.56286,5.051449,1.742909,3.847616,1.784495,2.215393,0.2598972,-0.1566641,-0.1635458,0.2859953,-0.1283819,-0.2019489,0.2805575,-0.08048159,-0.2235936
1,"No Tap","Horizontal",21,126.8245,0.4180484,0.395444,0.4870855,-1.45975,0.5172583,-1.09849,-0.3645531,-0.3320746,0.3925765,-0.3907151,-0.2996866,0.4392656,-0.3891131,-0.2528436,0.4636891
1,"No Tap","Horizontal",21,125.9526,0.4298454,19.11855,0.5706512,28.0344,0.551765,26.83852,-0.00582689,-0.06429473,0.3977778,0.05486102,0.01552464,0.4150829,0.04532586,-0.04644121,0.4483616
1,"No Tap","Horizontal",21,133.1362,0.08360896,-1.104197,0.1195168,-1.810397,0.1003627,-2.34181,0.2638326,-0.1074613,0.4512321,0.2837562,-0.04906852,0.4871177,0.305256,-0.05068525,0.5034179
1,"No Tap","Horizontal",21,133.0865,0.2606756,10.78666,0.2606695,6.835338,0.2606741,9.902708,0.259493,-0.1105162,0.4511628,0.2780209,-0.05387832,0.4887378,0.2998551,-0.05439138,0.5041931
1,"No Tap","Horizontal",21,130.7045,1.640808,-18.59499,1.91764,-23.81481,1.954738,-22.61481,-0.5222673,-0.5222954,-0.9132486,-0.5942296,-0.4635523,-0.9322378,-0.6158161,-0.4773003,-0.9223031
1,"No Tap","Horizontal",21,128.7366,0.6830397,-16.55253,0.7076747,-14.58705,0.6798456,-8.984472,-0.4779001,-0.7404546,-0.9084942,-0.5708278,-0.7433662,-0.9257113,-0.5497826,-0.774502,-0.9088841
1,"No Tap","Horizontal",21,130.0529,0.1722492,4.886935,0.1722474,-18.89542,0.1722462,-6.066983,-0.4983949,-0.8009198,-0.9638047,-0.5175576,-0.8040242,-0.9729453,-0.563684,-0.8125008,-0.991196
1,"No Tap","Horizontal",21,127.4032,0.7362555,6.657454,0.854897,5.132827,0.8898143,4.182835,-0.3576637,-0.3610439,-0.07035915,-0.4206482,-0.3381083,-0.07054415,-0.4435151,-0.3245711,-0.05646762
1,"No Tap","Horizontal",21,135.7526,0.1509065,7.730607,0.1774102,9.285625,0.1576016,8.123361,0.1531725,-0.08494893,0.3371358,0.1734667,-0.02844087,0.3609986,0.1673145,-0.0414177,0.3933585
1,"No Tap","Horizontal",21,127.3195,0.9780489,17.6232,1.106526,25.43751,1.123038,26.44169,-0.3872613,-0.3572504,-0.0217318,-0.4483445,-0.3339342,-0.0104667,-0.4689671,-0.3186756,0.00754375
1,"No Tap","Horizontal",21,134.5531,0.2754505,0.6384863,0.3066752,2.281262,0.3078958,2.369826,0.1921621,-0.09399167,0.3987221,0.220306,-0.0411312,0.4097819,0.2263407,-0.05507839,0.4321972
1,"No Tap","Horizontal",21,128.3861,1.011884,2.057634,1.047746,3.069558,1.026298,3.751703,-0.3236988,-0.5618116,-0.5893362,-0.3722907,-0.5434773,-0.6367848,-0.3917661,-0.5536848,-0.6320476
1,"No Tap","Horizontal",21,126.8899,0.4904377,-15.21416,0.5269623,-18.2456,0.5416694,-18.70592,-0.3765631,-0.349232,0.3649094,-0.4071301,-0.3199207,0.4103998,-0.4091233,-0.2753068,0.4363413
1,"No Tap","Horizontal",21,128.5862,0.6191233,-67.15793,0.7894399,-59.46898,0.7755212,-57.01111,-0.4144457,-0.654424,-0.7922211,-0.4930106,-0.6458887,-0.8283495,-0.5000772,-0.6681886,-0.8149871
1,"No Tap","Horizontal",21,129.5198,0.3484213,-12.31294,0.36119,-11.55166,0.4186143,-8.127309,-0.5235889,-0.5105517,-0.904559,-0.5380215,-0.4902584,-0.9026453,-0.5370494,-0.5075598,-0.9000511
1,"No Tap","Horizontal",21,123.7032,0.790823,1.234986,0.9298596,4.216712,0.7119849,-4.238479,0.06618658,-0.08611255,0.3871538,0.1010067,-0.008288709,0.393295,0.1297231,-0.002225773,0.3945083
1,"No Tap","Horizontal",21,121.6032,0.03207182,1.475346,0.03519178,1.66653,0.05284452,2.747219,0.1293825,-0.04023924,0.5788496,0.1471824,0.0344848,0.580723,0.184794,0.04703118,0.5850471
1,"No Tap","Horizontal",21,125.3861,0.1793356,-18.72685,0.179392,-35.02927,0.1794206,-22.74209,0.03893638,-0.08980533,0.4434765,0.06598597,-0.04301145,0.4715205,0.1025387,-0.002700323,0.4586279
1,"No Tap","Horizontal",21,127.6362,0.5616401,-9.425303,0.5616388,-17.52926,0.5616385,-19.38269,-0.273994,-0.3810059,-0.1948443,-0.3335271,-0.3619287,-0.2191078,-0.3611356,-0.3521536,-0.2139757
1,"No Tap","Horizontal",21,129.6185,1.116042,9.665231,1.162165,13.27473,1.130195,13.09761,-0.5041646,-0.561218,-0.9220655,-0.5181603,-0.5397868,-0.923009,-0.5174532,-0.5561426,-0.9188984
1,"No Tap","Horizontal",21,133.9191,0.01803437,-4.63277,0.03054336,-3.899037,0.03609938,-3.572971,0.1878047,-0.1119267,0.4238176,0.210484,-0.05874647,0.4632507,0.231495,-0.05688082,0.4798875
