Participant; Input; Distance; Width; Practice; Block; Trial; SerieNumber; TargetX; TargetY; Time; FirstClickTime; FirstClickDownX; FirstClickDownY; FirstClickUpX; FirstClickUpY; LastClickDownX; LastClickDownY; LastClickUpX; LastClickUpY; FullError; DownError; UpError; Reset
1; TokenAnse;864;24; true;0;1;1;0.5;0.5; NA; NA; NA; NA; NA; NA; NA; NA; NA; NA; NA; NA; NA; False
1; TokenAnse;864;24; true;0;1;2;0.4089845;0.7730463;1586; ;0;0;0;0;0.4038569;0.2313765;0.4043807;0.2344876;0;0;0; False
1; TokenAnse;864;24; true;0;1;3;0.6287153;0.5000001;1712;1578;0.6365087;0.4948171;0.6349695;0.49705;0.6365087;0.4948171;0.6349695;0.49705;0;0;0; False
1; TokenAnse;864;24; true;0;1;4;0.4089845;0.2269537;3358;3190;0.4133019;0.7604718;0.4121186;0.7710196;0.4133019;0.7604718;0.4121186;0.7710196;0;0;0; False
1; TokenAnse;864;24; true;0;1;5;0.5;0.8861458;1862;1702;0.5007185;0.1121827;0.5010616;0.1181586;0.5007185;0.1121827;0.5010616;0.1181586;0;0;0; False
1; TokenAnse;864;24; true;0;1;6;0.5910155;0.2269536;1563;1437;0.5891933;0.8017927;0.5863932;0.7860925;0.5891933;0.8017927;0.5863932;0.7860925;0;0;0; False
1; TokenAnse;864;24; true;0;1;7;0.3712847;0.5;1562;1420;0.3511577;0.5046247;0.3535337;0.5039552;0.3511577;0.5046247;0.3535337;0.5039552;0;0;0; False
1; TokenAnse;864;24; true;0;1;8;0.5910155;0.7730463;1679;1556;0.6016611;0.215009;0.6007686;0.2235626;0.6016611;0.215009;0.6007686;0.2235626;0;0;0; False
1; TokenAnse;4900;45; true;0;2;1;0.5;0.1138542; NA; NA; NA; NA; NA; NA; NA; NA; NA; NA; NA; NA; NA; False
1; TokenAnse;4900;45; true;0;2;2;0.9166667;0.9114583;2011;1844;0.9181656;0.05899575;0.9063222;0.09270567;0.9181656;0.05899575;0.9063222;0.09270567;0;0;0; False
1; TokenAnse;4900;45; true;0;2;3;0.08333334;0.9114583;2111;1997;0.06943631;0.09798607;0.07688458;0.1053531;0.06943631;0.09798607;0.07688458;0.1053531;0;0;0; False
1; TokenAnse;4900;45; true;0;2;4;0.9166667;0.5677083;5271;5133;0.9084669;0.425522;0.905385;0.4357636;0.9084669;0.425522;0.905385;0.4357636;0;0;0; False
1; TokenAnse;4900;45; true;0;2;5;0.08333334;0.2239583;2029;1885;0.06697676;0.7691367;0.06946243;0.7738352;0.06697676;0.7691367;0.06946243;0.7738352;0;0;0; False
1; TokenAnse;4900;45; true;0;2;6;0.9166667;0.08854166;2094;1929;0.9039962;0.8752699;0.9064602;0.8904682;0.9039962;0.8752699;0.9064602;0.8904682;0;0;0; False
1; TokenAnse;4900;45; true;0;2;7;0.08333334;0.2239583;1912;1758;0.0534327;0.7637197;0.05729813;0.7651275;0.0534327;0.7637197;0.05729813;0.7651275;0;0;0; False
1; TokenAnse;4900;45; true;0;2;8;0.9166667;0.5677083;2145;1992;0.9124853;0.4026431;0.9050189;0.4219858;0.9124853;0.4026431;0.9050189;0.4219858;0;0;0; False
1; TokenAnse;864;16; true;0;3;1;0.08333334;0.9114583; NA; NA; NA; NA; NA; NA; NA; NA; NA; NA; NA; NA; NA; False
1; TokenAnse;864;16; true;0;3;2;0.4089845;0.7730463;2427;2266;0.4131656;0.2362786;0.4144107;0.2402437;0.4131656;0.2362786;0.4144107;0.2402437;0;0;0; False
1; TokenAnse;864;16; true;0;3;3;0.6287153;0.5000001;1978;1872;0.627462;0.5046516;0.6272194;0.5112483;0.627462;0.5046516;0.6272194;0.5112483;0;0;0; False
1; TokenAnse;864;16; true;0;3;4;0.4089845;0.2269537;1912;1766;0.4082142;0.7605965;0.4066144;0.763533;0.4082142;0.7605965;0.4066144;0.763533;0;0;0; False
1; TokenAnse;864;16; true;0;3;5;0.5;0.8861458;2077;1917;0.4983011;0.130361;0.497845;0.136228;0.4983011;0.130361;0.497845;0.136228;0;0;0; False
1; TokenAnse;864;16; true;0;3;6;0.5910155;0.2269536;1629;1489;0.5904794;0.7953624;0.5928536;0.7829145;0.5904794;0.7953624;0.5928536;0.7829145;0;0;0; False
1; TokenAnse;864;16; true;0;3;7;0.3712847;0.5;1812;1687;0.373819;0.4950003;0.3747893;0.4974879;0.373819;0.4950003;0.3747893;0.4974879;0;0;0; False
1; TokenAnse;864;16; true;0;3;8;0.5910155;0.7730463;1646;1574;0.598568;0.2523261;0.5950465;0.251708;0.598568;0.2523261;0.5950465;0.251708;0;0;0; False
1; TokenAnse;864;8; true;0;4;1;0.5;0.1138542; NA; NA; NA; NA; NA; NA; NA; NA; NA; NA; NA; NA; NA; False
1; TokenAnse;864;8; true;0;4;2;0.4089845;0.7730463;2743;1766;0.4014704;0.2080618;0.4043972;0.213176;0.4118509;0.2260879;0.4113685;0.2347168;0;1;0; False
1; TokenAnse;864;8; true;0;4;3;0.6287153;0.5000001;2527;2379;0.6246427;0.4948719;0.6242597;0.4945997;0.6246427;0.4948719;0.6242597;0.4945997;0;0;0; False
1; TokenAnse;864;8; true;0;4;4;0.4089845;0.2269537;2527;2414;0.4106869;0.7743455;0.4102523;0.7779253;0.4106869;0.7743455;0.4102523;0.7779253;0;0;0; False
1; TokenAnse;864;8; true;0;4;5;0.5;0.8861458;2245;2104;0.4995391;0.1245729;0.4994428;0.1306277;0.4995391;0.1245729;0.4994428;0.1306277;0;0;0; False
1; TokenAnse;864;8; true;0;4;6;0.5910155;0.2269536;2277;2177;0.5897772;0.7667737;0.5888525;0.7652965;0.5897772;0.7667737;0.5888525;0.7652965;0;0;0; False
1; TokenAnse;864;8; true;0;4;7;0.3712847;0.5;2261;2127;0.3679637;0.4981251;0.3681329;0.5012433;0.3679637;0.4981251;0.3681329;0.5012433;0;0;0; False
1; TokenAnse;864;8; true;0;4;8;0.5910155;0.7730463;1995;1851;0.5865982;0.2324428;0.5893551;0.2396468;0.5865982;0.2324428;0.5893551;0.2396468;0;0;0; False
1; TokenAnse;4900;15; true;0;5;1;0.5;0.1138542; NA; NA; NA; NA; NA; NA; NA; NA; NA; NA; NA; NA; NA; False
1; TokenAnse;4900;15; true;0;5;2;0.9166667;0.9114583;3773;2579;0.9057006;0.1038104;0.9029202;0.1060232;0.9133738;0.08602002;0.9112036;0.09331697;0;0;1; False
1; TokenAnse;4900;15; true;0;5;3;0.08333334;0.9114583;5221;5057;0.07692575;0.1064733;0.08903506;0.08755387;0.07692575;0.1064733;0.07912386;0.1111406;0;0;0; False
1; TokenAnse;4900;15; true;0;5;4;0.9166667;0.5677083;2976;2847;0.9155101;0.4353635;0.9132861;0.4369853;0.9155101;0.4353635;0.9132861;0.4369853;0;0;0; False
1; TokenAnse;4900;15; true;0;5;5;0.08333334;0.2239583;2710;2543;0.08675238;0.7771717;0.0865411;0.7773055;0.08675238;0.7771717;0.0865411;0.7773055;0;0;0; False
1; TokenAnse;4900;15; true;0;5;6;0.9166667;0.08854166;3591;3442;0.9167166;0.9078752;0.9145222;0.9018686;0.9167166;0.9078752;0.9145222;0.9018686;0;0;0; False
1; TokenAnse;4900;15; true;0;5;7;0.08333334;0.2239583;4424;4255;0.08560131;0.7755342;0.08704074;0.7773951;0.08560131;0.7755342;0.08704074;0.7773951;0;0;0; False
1; TokenAnse;4900;15; true;0;5;8;0.9166667;0.5677083;2577;2412;0.911468;0.4396263;0.9102959;0.439118;0.911468;0.4396263;0.9102959;0.439118;0;0;0; False
1; TokenAnse;4900;30; true;0;6;1;0.08333334;0.9114583; NA; NA; NA; NA; NA; NA; NA; NA; NA; NA; NA; NA; NA; False
1; TokenAnse;4900;30; true;0;6;2;0.9166667;0.9114583;2095;1957;0.9139361;0.08288874;0.9124733;0.08799952;0.9139361;0.08288874;0.9124733;0.08799952;0;0;0; False
1; TokenAnse;4900;30; true;0;6;3;0.08333334;0.9114583;2510;2343;0.08353845;0.09914731;0.0888599;0.1200403;0.08353845;0.09914731;0.0888599;0.1200403;0;0;0; False
1; TokenAnse;4900;30; true;0;6;4;0.9166667;0.5677083;2461;2283;0.9156873;0.4314577;0.9187091;0.4244606;0.9156873;0.4314577;0.9187091;0.4244606;0;0;0; False
1; TokenAnse;4900;30; true;0;6;5;0.08333334;0.2239583;2360;2242;0.08718424;0.7542764;0.09272296;0.7532415;0.08718424;0.7542764;0.09272296;0.7532415;0;0;0; False
1; TokenAnse;4900;30; true;0;6;6;0.9166667;0.08854166;2145;2008;0.9066865;0.8817772;0.9063573;0.882565;0.9066865;0.8817772;0.9063573;0.882565;0;0;0; False
1; TokenAnse;4900;30; true;0;6;7;0.08333334;0.2239583;2128;1966;0.07044356;0.7548628;0.07740229;0.7660894;0.07044356;0.7548628;0.07740229;0.7660894;0;0;0; False
1; TokenAnse;4900;30; true;0;6;8;0.9166667;0.5677083;3177;3041;0.9151483;0.4457745;0.9148397;0.4442552;0.9151483;0.4457745;0.9148397;0.4442552;0;0;0; False
1; TokenAnse;864;24; false;1;7;1;0.08333334;0.9114583; NA; NA; NA; NA; NA; NA; NA; NA; NA; NA; NA; NA; NA; False
1; TokenAnse;864;24; false;1;7;2;0.4089845;0.7730463;1711;4665;0.4885365;0.4962285;0.4880216;0.4981834;0.408553;0.2289326;0.4094412;0.2311361;0;0;0; False
1; TokenAnse;864;24; false;1;7;3;0.6287153;0.5000001;1429;1294;0.6245047;0.5233144;0.6291797;0.527428;0.6245047;0.5233144;0.6291797;0.527428;0;0;0; False
1; TokenAnse;864;24; false;1;7;4;0.4089845;0.2269537;1413;1238;0.4049432;0.7631731;0.4053147;0.7667022;0.4049432;0.7631731;0.4053147;0.7667022;0;0;0; False
1; TokenAnse;864;24; false;1;7;5;0.5;0.8861458;1446;1260;0.5008365;0.09508374;0.5017208;0.1162135;0.5008365;0.09508374;0.5017208;0.1162135;0;0;0; False
1; TokenAnse;864;24; false;1;7;6;0.5910155;0.2269536;1463;1299;0.5894713;0.7681594;0.5932337;0.7686724;0.5894713;0.7681594;0.5932337;0.7686724;0;0;0; False
1; TokenAnse;864;24; false;1;7;7;0.3712847;0.5;1546;1411;0.3718997;0.4954973;0.3722247;0.5047297;0.3718997;0.4954973;0.3722247;0.5047297;0;0;0; False
1; TokenAnse;864;24; false;1;7;8;0.5910155;0.7730463;1496;1300;0.5814241;0.2459199;0.5829321;0.2475549;0.5814241;0.2459199;0.5829321;0.2475549;0;0;0; False
1; TokenAnse;4900;30; false;1;8;1;0.5;0.1138542; NA; NA; NA; NA; NA; NA; NA; NA; NA; NA; NA; NA; NA; False
1; TokenAnse;4900;30; false;1;8;2;0.9166667;0.9114583;2128;1943;0.9059975;0.09340033;0.9066404;0.1078544;0.9059975;0.09340033;0.9066404;0.1078544;0;0;0; False
1; TokenAnse;4900;30; false;1;8;3;0.08333334;0.9114583;2427;2256;0.07500585;0.09145419;0.08310829;0.09579568;0.07500585;0.09145419;0.08310829;0.09579568;0;0;0; False
1; TokenAnse;4900;30; false;1;8;4;0.9166667;0.5677083;2344;2186;0.910626;0.4145581;0.9053596;0.4184284;0.910626;0.4145581;0.9053596;0.4184284;0;0;0; False
1; TokenAnse;4900;30; false;1;8;5;0.08333334;0.2239583;2377;2230;0.08132644;0.7669176;0.08721794;0.7593074;0.08132644;0.7669176;0.08721794;0.7593074;0;0;0; False
1; TokenAnse;4900;30; false;1;8;6;0.9166667;0.08854166;2777;2635;0.9009964;0.888544;0.9044078;0.889703;0.9009964;0.888544;0.9044078;0.889703;0;0;0; False
1; TokenAnse;4900;30; false;1;8;7;0.08333334;0.2239583;2527;2390;0.07643376;0.7598383;0.07586426;0.7613905;0.07643376;0.7598383;0.07586426;0.7613905;0;0;0; False
1; TokenAnse;4900;30; false;1;8;8;0.9166667;0.5677083;2211;2058;0.905189;0.4190219;0.9050956;0.4201694;0.905189;0.4190219;0.9050956;0.4201694;0;0;0; False
1; TokenAnse;864;8; false;1;9;1;0.08333334;0.9114583; NA; NA; NA; NA; NA; NA; NA; NA; NA; NA; NA; NA; NA; False
1; TokenAnse;864;8; false;1;9;2;0.4089845;0.7730463;2461;2273;0.4102196;0.2318783;0.4092016;0.2362066;0.4102196;0.2318783;0.4092016;0.2362066;0;0;0; False
1; TokenAnse;864;8; false;1;9;3;0.6287153;0.5000001;2660;1743;0.6363089;0.506362;0.6347429;0.5020041;0.626775;0.5007828;0.627525;0.5007654;0;1;0; False
1; TokenAnse;864;8; false;1;9;4;0.4089845;0.2269537;2578;2465;0.4073997;0.7709327;0.4072364;0.7749212;0.4073997;0.7709327;0.4072364;0.7749212;0;0;0; False
1; TokenAnse;864;8; false;1;9;5;0.5;0.8861458;2809;2662;0.499511;0.1175047;0.4984455;0.1231925;0.499511;0.1175047;0.4984455;0.1231925;0;0;0; False
1; TokenAnse;864;8; false;1;9;6;0.5910155;0.2269536;2460;2344;0.591179;0.7698376;0.5917387;0.7725282;0.591179;0.7698376;0.5917387;0.7725282;0;0;0; False
1; TokenAnse;864;8; false;1;9;7;0.3712847;0.5;4972;2115;0.3636866;0.4924598;0.3663336;0.4960407;0.3649111;0.5049255;0.3714009;0.5069946;0;1;0; False
1; TokenAnse;864;8; false;1;9;8;0.5910155;0.7730463;2294;2145;0.590806;0.2326537;0.5906746;0.2362417;0.590806;0.2326537;0.5906746;0.2362417;0;0;0; False
1; TokenAnse;864;16; false;1;10;1;0.5;0.1138542; NA; NA; NA; NA; NA; NA; NA; NA; NA; NA; NA; NA; NA; False
1; TokenAnse;864;16; false;1;10;2;0.4089845;0.7730463;2012;1838;0.3988945;0.2298283;0.410375;0.2409382;0.3988945;0.2298283;0.410375;0.2409382;0;0;0; False
1; TokenAnse;864;16; false;1;10;3;0.6287153;0.5000001;2078;1921;0.6357298;0.4994371;0.636237;0.5040374;0.6357298;0.4994371;0.636237;0.5040374;0;0;0; False
1; TokenAnse;864;16; false;1;10;4;0.4089845;0.2269537;1797;1633;0.4077152;0.7671623;0.4109925;0.7667482;0.4077152;0.7671623;0.4109925;0.7667482;0;0;0; False
1; TokenAnse;864;16; false;1;10;5;0.5;0.8861458;1761;1596;0.4978459;0.1199869;0.4990542;0.1251988;0.4978459;0.1199869;0.4990542;0.1251988;0;0;0; False
1; TokenAnse;864;16; false;1;10;6;0.5910155;0.2269536;1762;1635;0.5948432;0.7851126;0.5943699;0.7852651;0.5948432;0.7851126;0.5943699;0.7852651;0;0;0; False
1; TokenAnse;864;16; false;1;10;7;0.3712847;0.5;1895;1725;0.3711981;0.5041385;0.3716797;0.5069709;0.3711981;0.5041385;0.3716797;0.5069709;0;0;0; False
1; TokenAnse;864;16; false;1;10;8;0.5910155;0.7730463;2444;2259;0.5857304;0.2428139;0.5862961;0.2464141;0.5857304;0.2428139;0.5862961;0.2464141;0;0;0; False
1; TokenAnse;864;16; false;1;11;1;0.5;0.1138542; NA; NA; NA; NA; NA; NA; NA; NA; NA; NA; NA; NA; NA; False
1; TokenAnse;864;16; false;1;11;2;0.4089845;0.7730463;1862;1688;0.4059152;0.2149916;0.4043123;0.2196767;0.4059152;0.2149916;0.4043123;0.2196767;0;0;0; False
1; TokenAnse;864;16; false;1;11;3;0.6287153;0.5000001;1778;1593;0.6304039;0.4958572;0.6227595;0.504468;0.6304039;0.4958572;0.6227595;0.504468;0;0;0; False
1; TokenAnse;864;16; false;1;11;4;0.4089845;0.2269537;1962;1808;0.413254;0.7761784;0.4107329;0.7804953;0.413254;0.7761784;0.4107329;0.7804953;0;0;0; False
1; TokenAnse;864;16; false;1;11;5;0.5;0.8861458;1779;1584;0.500986;0.1307884;0.5010015;0.1263288;0.500986;0.1307884;0.5010015;0.1263288;0;0;0; False
1; TokenAnse;864;16; false;1;11;6;0.5910155;0.2269536;1496;1351;0.5935748;0.7745309;0.5968333;0.7701365;0.5935748;0.7745309;0.5968333;0.7701365;0;0;0; False
1; TokenAnse;864;16; false;1;11;7;0.3712847;0.5;1529;1349;0.3745609;0.4851677;0.3742917;0.4896887;0.3745609;0.4851677;0.3742917;0.4896887;0;0;0; False
1; TokenAnse;864;16; false;1;11;8;0.5910155;0.7730463;1613;1454;0.5901747;0.2108792;0.5908588;0.2220494;0.5901747;0.2108792;0.5908588;0.2220494;0;0;0; False
1; TokenAnse;4900;45; false;1;12;1;0.5;0.1138542; NA; NA; NA; NA; NA; NA; NA; NA; NA; NA; NA; NA; NA; False
1; TokenAnse;4900;45; false;1;12;2;0.9166667;0.9114583;1895;1732;0.9102331;0.02147511;0.8961615;0.05225111;0.9102331;0.02147511;0.8961615;0.05225111;0;0;0; False
1; TokenAnse;4900;45; false;1;12;3;0.08333334;0.9114583;1978;1831;0.06804822;0.07381242;0.06852772;0.08166904;0.06804822;0.07381242;0.06852772;0.08166904;0;0;0; False
1; TokenAnse;4900;45; false;1;12;4;0.9166667;0.5677083;1995;1866;0.910243;0.4488533;0.9040889;0.4616199;0.910243;0.4488533;0.9040889;0.4616199;0;0;0; False
1; TokenAnse;4900;45; false;1;12;5;0.08333334;0.2239583;2011;1833;0.08200171;0.7666441;0.07944816;0.7625428;0.08200171;0.7666441;0.07944816;0.7625428;0;0;0; False
1; TokenAnse;4900;45; false;1;12;6;0.9166667;0.08854166;1895;1713;0.9207447;0.907688;0.9191671;0.9031408;0.9207447;0.907688;0.9191671;0.9031408;0;0;0; False
1; TokenAnse;4900;45; false;1;12;7;0.08333334;0.2239583;2012;1840;0.07329316;0.7554611;0.08434031;0.7538093;0.07329316;0.7554611;0.08434031;0.7538093;0;0;0; False
1; TokenAnse;4900;45; false;1;12;8;0.9166667;0.5677083;1978;1790;0.912951;0.4123132;0.9035254;0.4500181;0.912951;0.4123132;0.9035254;0.4500181;0;0;0; False
1; TokenAnse;864;8; false;1;13;1;0.08333334;0.9114583; NA; NA; NA; NA; NA; NA; NA; NA; NA; NA; NA; NA; NA; False
1; TokenAnse;864;8; false;1;13;2;0.4089845;0.7730463;2543;2380;0.4084122;0.2201299;0.4096666;0.226984;0.4084122;0.2201299;0.4096666;0.226984;0;0;0; False
1; TokenAnse;864;8; false;1;13;3;0.6287153;0.5000001;2012;1869;0.6348378;0.4978833;0.6337936;0.4988853;0.6348378;0.4978833;0.6337936;0.4988853;0;0;0; False
1; TokenAnse;864;8; false;1;13;4;0.4089845;0.2269537;2992;2824;0.4111193;0.7843136;0.4117177;0.7833304;0.4111193;0.7843136;0.4117177;0.7833304;0;0;0; False
1; TokenAnse;864;8; false;1;13;5;0.5;0.8861458;3991;2332;0.5010978;0.1255302;0.500822;0.1355998;0.5005302;0.1163577;0.5024945;0.1298339;0;0;1; False
1; TokenAnse;864;8; false;1;13;6;0.5910155;0.2269536;2244;2143;0.5929006;0.7700267;0.5935813;0.7739308;0.5929006;0.7700267;0.5935813;0.7739308;0;0;0; False
1; TokenAnse;864;8; false;1;13;7;0.3712847;0.5;2045;1910;0.3658885;0.4968328;0.3688262;0.4987778;0.3658885;0.4968328;0.3688262;0.4987778;0;0;0; False
1; TokenAnse;864;8; false;1;13;8;0.5910155;0.7730463;2461;2345;0.5921147;0.2229993;0.5917194;0.2299488;0.5921147;0.2229993;0.5917194;0.2299488;0;0;0; False
1; TokenAnse;864;24; false;1;14;1;0.5;0.1138542; NA; NA; NA; NA; NA; NA; NA; NA; NA; NA; NA; NA; NA; False
1; TokenAnse;864;24; false;1;14;2;0.4089845;0.7730463;1545;1397;0.4101594;0.2436756;0.410501;0.2549492;0.4101594;0.2436756;0.410501;0.2549492;0;0;0; False
1; TokenAnse;864;24; false;1;14;3;0.6287153;0.5000001;1413;1247;0.6243546;0.509205;0.62556;0.5117325;0.6243546;0.509205;0.62556;0.5117325;0;0;0; False
1; TokenAnse;864;24; false;1;14;4;0.4089845;0.2269537;1496;1347;0.409187;0.7609421;0.4096529;0.7653924;0.409187;0.7609421;0.4096529;0.7653924;0;0;0; False
1; TokenAnse;864;24; false;1;14;5;0.5;0.8861458;1680;1509;0.5012788;0.138772;0.5055722;0.1426804;0.5012788;0.138772;0.5055722;0.1426804;0;0;0; False
1; TokenAnse;864;24; false;1;14;6;0.5910155;0.2269536;1361;1190;0.5885538;0.8204244;0.5899588;0.8024219;0.5885538;0.8204244;0.5899588;0.8024219;0;0;0; False
1; TokenAnse;864;24; false;1;14;7;0.3712847;0.5;1629;1495;0.3815124;0.5197762;0.381955;0.5242724;0.3815124;0.5197762;0.381955;0.5242724;0;0;0; False
1; TokenAnse;864;24; false;1;14;8;0.5910155;0.7730463;1512;1349;0.583565;0.220675;0.5875298;0.2394627;0.583565;0.220675;0.5875298;0.2394627;0;0;0; False
1; TokenAnse;4900;15; false;1;15;1;0.5;0.1138542; NA; NA; NA; NA; NA; NA; NA; NA; NA; NA; NA; NA; NA; False
1; TokenAnse;4900;15; false;1;15;2;0.9166667;0.9114583;2277;2126;0.9121246;0.08876377;0.9140412;0.1040416;0.9121246;0.08876377;0.9140412;0.1040416;0;0;0; False
1; TokenAnse;4900;15; false;1;15;3;0.08333334;0.9114583;2378;2218;0.0930344;0.09207525;0.09368014;0.09587505;0.0930344;0.09207525;0.09368014;0.09587505;0;0;0; False
1; TokenAnse;4900;15; false;1;15;4;0.9166667;0.5677083;2610;2463;0.9157129;0.4276264;0.9144154;0.4339413;0.9157129;0.4276264;0.9144154;0.4339413;0;0;0; False
1; TokenAnse;4900;15; false;1;15;5;0.08333334;0.2239583;2311;2222;0.0798149;0.7873214;0.08184407;0.7875379;0.0798149;0.7873214;0.08184407;0.7875379;0;0;0; False
1; TokenAnse;4900;15; false;1;15;6;0.9166667;0.08854166;2378;2324;0.9260876;0.901074;0.9130247;0.8875813;0.9260876;0.901074;0.9130247;0.8875813;0;0;0; False
1; TokenAnse;4900;15; false;1;15;7;0.08333334;0.2239583;2461;2312;0.08890527;0.7689346;0.09088197;0.7751746;0.08890527;0.7689346;0.09088197;0.7751746;0;0;0; False
1; TokenAnse;4900;15; false;1;15;8;0.9166667;0.5677083;2161;2005;0.9210355;0.4407102;0.916692;0.4375736;0.9210355;0.4407102;0.916692;0.4375736;0;0;0; False
1; TokenAnse;4900;15; false;1;16;1;0.08333334;0.9114583; NA; NA; NA; NA; NA; NA; NA; NA; NA; NA; NA; NA; NA; False
1; TokenAnse;4900;15; false;1;16;2;0.9166667;0.9114583;2627;2466;0.9232487;0.08775821;0.9140413;0.09788635;0.9232487;0.08775821;0.9140413;0.09788635;0;0;0; False
1; TokenAnse;4900;15; false;1;16;3;0.08333334;0.9114583;2228;2085;0.08151234;0.08265935;0.08210677;0.09272463;0.08151234;0.08265935;0.08210677;0.09272463;0;0;0; False
1; TokenAnse;4900;15; false;1;16;4;0.9166667;0.5677083;2227;2061;0.9218406;0.4253413;0.9165819;0.4368026;0.9218406;0.4253413;0.9165819;0.4368026;0;0;0; False
1; TokenAnse;4900;15; false;1;16;5;0.08333334;0.2239583;2461;2326;0.09152672;0.7590637;0.09618268;0.772867;0.09152672;0.7590637;0.09618268;0.772867;0;0;0; False
1; TokenAnse;4900;15; false;1;16;6;0.9166667;0.08854166;2445;2320;0.9117898;0.9062752;0.9086007;0.9102842;0.9117898;0.9062752;0.9086007;0.9102842;0;0;0; False
1; TokenAnse;4900;15; false;1;16;7;0.08333334;0.2239583;2510;2356;0.08078759;0.7642796;0.08228774;0.768616;0.08078759;0.7642796;0.08228774;0.768616;0;0;0; False
1; TokenAnse;4900;15; false;1;16;8;0.9166667;0.5677083;3707;2528;0.9049594;0.4406564;0.9044781;0.4462047;0.908195;0.4255677;0.9057041;0.4342741;0;0;1; False
1; TokenAnse;4900;45; false;1;17;1;0.08333334;0.9114583; NA; NA; NA; NA; NA; NA; NA; NA; NA; NA; NA; NA; NA; False
1; TokenAnse;4900;45; false;1;17;2;0.9166667;0.9114583;2194;2031;0.8949832;0.09141152;0.893055;0.08902287;0.8949832;0.09141152;0.893055;0.08902287;0;0;0; False
1; TokenAnse;4900;45; false;1;17;3;0.08333334;0.9114583;2028;1817;0.0861783;0.07298652;0.09228043;0.09233773;0.0861783;0.07298652;0.09228043;0.09233773;0;0;0; False
1; TokenAnse;4900;45; false;1;17;4;0.9166667;0.5677083;1845;1671;0.9315003;0.4523681;0.9314324;0.4622392;0.9315003;0.4523681;0.9314324;0.4622392;0;0;0; False
1; TokenAnse;4900;45; false;1;17;5;0.08333334;0.2239583;1962;1778;0.09057203;0.7614499;0.09418335;0.756888;0.09057203;0.7614499;0.09418335;0.756888;0;0;0; False
1; TokenAnse;4900;45; false;1;17;6;0.9166667;0.08854166;1962;1777;0.9310186;0.8811984;0.9275019;0.8959283;0.9310186;0.8811984;0.9275019;0.8959283;0;0;0; False
1; TokenAnse;4900;45; false;1;17;7;0.08333334;0.2239583;2078;1898;0.07644296;0.7655406;0.07457291;0.7836573;0.07644296;0.7655406;0.07457291;0.7836573;0;0;0; False
1; TokenAnse;4900;45; false;1;17;8;0.9166667;0.5677083;2111;1905;0.9145043;0.4065813;0.9184728;0.3976809;0.9145043;0.4065813;0.9184728;0.3976809;0;0;0; False
1; TokenAnse;4900;30; false;1;18;1;0.08333334;0.9114583; NA; NA; NA; NA; NA; NA; NA; NA; NA; NA; NA; NA; NA; False
1; TokenAnse;4900;30; false;1;18;2;0.9166667;0.9114583;2194;2050;0.9331908;0.08472325;0.9261766;0.08733065;0.9331908;0.08472325;0.9261766;0.08733065;0;0;0; False
1; TokenAnse;4900;30; false;1;18;3;0.08333334;0.9114583;2178;1978;0.07206369;0.08617056;0.07790971;0.1010944;0.07206369;0.08617056;0.07790971;0.1010944;0;0;0; False
1; TokenAnse;4900;30; false;1;18;4;0.9166667;0.5677083;2494;2342;0.9152689;0.4460698;0.9169115;0.4550952;0.9152689;0.4460698;0.9169115;0.4550952;0;0;0; False
1; TokenAnse;4900;30; false;1;18;5;0.08333334;0.2239583;2095;1931;0.08312695;0.7858404;0.08060991;0.7911449;0.08312695;0.7858404;0.08060991;0.7911449;0;0;0; False
1; TokenAnse;4900;30; false;1;18;6;0.9166667;0.08854166;1945;1778;0.9052828;0.8925915;0.9162439;0.8994063;0.9052828;0.8925915;0.9162439;0.8994063;0;0;0; False
1; TokenAnse;4900;30; false;1;18;7;0.08333334;0.2239583;2294;2119;0.09396706;0.7537202;0.09687965;0.778187;0.09396706;0.7537202;0.09687965;0.778187;0;0;0; False
1; TokenAnse;4900;30; false;1;18;8;0.9166667;0.5677083;1962;1827;0.9193183;0.4125547;0.9134176;0.4313222;0.9193183;0.4125547;0.9134176;0.4313222;0;0;0; False
1; Hand;864;24; true;0;1;1;0.08333334;0.9114583; NA; NA; NA; NA; NA; NA; NA; NA; NA; NA; NA; NA; NA; False
1; Hand;864;24; true;0;1;2;0.4089845;0.7730463;2842;5758;0.9219197;0;1;1;0.4077857;0.2285875;0.410668;0.2183627;0;0;0; False
1; Hand;864;24; true;0;1;3;0.6287153;0.5000001;3176;2599;0.6224462;0.5070308;0.6276793;0.4943858;0.6224462;0.5070308;0.6276793;0.4943858;0;0;0; False
1; Hand;864;24; true;0;1;4;0.4089845;0.2269537;3991;3802;0.4118508;0.7631987;0.4125849;0.7606463;0.4118508;0.7631987;0.4125849;0.7606463;0;0;0; False
1; Hand;864;24; true;0;1;5;0.5;0.8861458;3209;2866;0.495144;0.1082149;0.5029734;0.1050981;0.495144;0.1082149;0.5029734;0.1050981;0;0;0; False
1; Hand;864;24; true;0;1;6;0.5910155;0.2269536;3974;3619;0.5923358;0.7679465;0.5935708;0.7586422;0.5923358;0.7679465;0.5935708;0.7586422;0;0;0; False
1; Hand;864;24; true;0;1;7;0.3712847;0.5;4124;3875;0.3759053;0.5068778;0.3735986;0.5024796;0.3759053;0.5068778;0.3735986;0.5024796;0;0;0; False
1; Hand;864;24; true;0;1;8;0.5910155;0.7730463;2643;2289;0.5920105;0.2345769;0.5885404;0.2271862;0.5920105;0.2345769;0.5885404;0.2271862;0;0;0; False
1; Hand;864;8; true;0;20;1;0.5;0.1138542; NA; NA; NA; NA; NA; NA; NA; NA; NA; NA; NA; NA; NA; False
1; Hand;864;8; true;0;20;2;0.4089845;0.7730463;3741;2384;0.4043949;0.235966;0.4031983;0.2456165;0.4079267;0.2318582;0.4075742;0.223529;0;0;1; False
1; Hand;864;8; true;0;20;3;0.6287153;0.5000001;2959;2639;0.6322594;0.4904613;0.6275006;0.495259;0.6322594;0.4904613;0.6275006;0.495259;0;0;0; False
1; Hand;864;8; true;0;20;4;0.4089845;0.2269537;3824;2358;0.4117443;0.7576753;0.4124906;0.8022874;0.4126956;0.7750844;0.4122098;0.7722023;0;0;1; False
1; Hand;864;8; true;0;20;5;0.5;0.8861458;2527;2203;0.4996639;0.1133298;0.5005889;0.1059666;0.4996639;0.1133298;0.5005889;0.1059666;0;0;0; False
1; Hand;864;8; true;0;20;6;0.5910155;0.2269536;2527;2126;0.5864133;0.7737474;0.5904782;0.7527032;0.5864133;0.7737474;0.5904782;0.7527032;0;0;0; False
1; Hand;864;8; true;0;20;7;0.3712847;0.5;2161;1886;0.3678827;0.499095;0.3678697;0.4967283;0.3678827;0.499095;0.3678697;0.4967283;0;0;0; False
1; Hand;864;8; true;0;20;8;0.5910155;0.7730463;2860;2590;0.5924635;0.2261148;0.5902605;0.224131;0.5924635;0.2261148;0.5902605;0.224131;0;0;0; False
1; Hand;4900;30; true;0;21;1;0.5;0.1138542; NA; NA; NA; NA; NA; NA; NA; NA; NA; NA; NA; NA; NA; False
1; Hand;4900;30; true;0;21;2;0.9166667;0.9114583;3425;2256;0.8898248;0.1387453;0.9008347;0.1108992;0.9133544;0.09259133;0.9125136;0.09734331;0;1;0; False
1; Hand;4900;30; true;0;21;3;0.08333334;0.9114583;2710;2424;0.08863971;0.08482368;0.0955197;0.09952808;0.08863971;0.08482368;0.0955197;0.09952808;0;0;0; False
1; Hand;4900;30; true;0;21;4;0.9166667;0.5677083;2794;2499;0.9128885;0.4399077;0.9044531;0.4298053;0.9128885;0.4399077;0.9044531;0.4298053;0;0;0; False
1; Hand;4900;30; true;0;21;5;0.08333334;0.2239583;2344;2053;0.07526281;0.7387052;0.07632907;0.7462718;0.07526281;0.7387052;0.07632907;0.7462718;0;0;0; False
1; Hand;4900;30; true;0;21;6;0.9166667;0.08854166;2627;2321;0.9029908;0.9106192;0.9170908;0.9410455;0.9029908;0.9106192;0.9170908;0.9410455;0;0;0; False
1; Hand;4900;30; true;0;21;7;0.08333334;0.2239583;2644;2379;0.0973154;0.7344084;0.09585162;0.7517589;0.0973154;0.7344084;0.09585162;0.7517589;0;0;0; False
1; Hand;4900;30; true;0;21;8;0.9166667;0.5677083;2262;2013;0.9281806;0.4404852;0.9307759;0.4444515;0.9281806;0.4404852;0.9307759;0.4444515;0;0;0; False
1; Hand;864;16; true;0;22;1;0.08333334;0.9114583; NA; NA; NA; NA; NA; NA; NA; NA; NA; NA; NA; NA; NA; False
1; Hand;864;16; true;0;22;2;0.4089845;0.7730463;1795;1488;0.4196487;0.2383364;0.4163578;0.2310531;0.4196487;0.2383364;0.4163578;0.2310531;0;0;0; False
1; Hand;864;16; true;0;22;3;0.6287153;0.5000001;2876;1847;0.6452668;0.5114437;0.6420882;0.5109605;0.6328202;0.5064349;0.624939;0.5043004;0;1;0; False
1; Hand;864;16; true;0;22;4;0.4089845;0.2269537;2128;1857;0.4027404;0.7637419;0.4016475;0.7573546;0.4027404;0.7637419;0.4016475;0.7573546;0;0;0; False
1; Hand;864;16; true;0;22;5;0.5;0.8861458;2527;2209;0.4925894;0.1110215;0.4882967;0.09442371;0.4925894;0.1110215;0.4882967;0.09442371;0;0;0; False
1; Hand;864;16; true;0;22;6;0.5910155;0.2269536;1995;1685;0.583621;0.7656326;0.5824265;0.7874603;0.583621;0.7656326;0.5824265;0.7874603;0;0;0; False
1; Hand;864;16; true;0;22;7;0.3712847;0.5;1895;1591;0.3756359;0.5003599;0.374062;0.5058144;0.3756359;0.5003599;0.374062;0.5058144;0;0;0; False
1; Hand;864;16; true;0;22;8;0.5910155;0.7730463;2560;2488;0.5826722;0.2083888;0.5916564;0.2476681;0.5826722;0.2083888;0.5916564;0.2476681;0;0;0; False
1; Hand;4900;15; true;0;23;1;0.5;0.1138542; NA; NA; NA; NA; NA; NA; NA; NA; NA; NA; NA; NA; NA; False
1; Hand;4900;15; true;0;23;2;0.9166667;0.9114583;2927;2585;0.913491;0.1161075;0.91649;0.0828684;0.913491;0.1161075;0.91649;0.0828684;0;0;0; False
1; Hand;4900;15; true;0;23;3;0.08333334;0.9114583;2327;1852;0.07200154;0.07803099;0.09496748;0.08165336;0.07200154;0.07803099;0.09496748;0.08165336;0;0;0; False
1; Hand;4900;15; true;0;23;4;0.9166667;0.5677083;3176;2835;0.9141617;0.4326565;0.9080032;0.4222989;0.9141617;0.4326565;0.9080032;0.4222989;0;0;0; False
1; Hand;4900;15; true;0;23;5;0.08333334;0.2239583;2993;2674;0.08915769;0.7728981;0.09468819;0.7760699;0.08915769;0.7728981;0.09468819;0.7760699;0;0;0; False
1; Hand;4900;15; true;0;23;6;0.9166667;0.08854166;2926;2576;0.9208759;0.933945;0.9207932;0.9269676;0.9208759;0.933945;0.9207932;0.9269676;0;0;0; False
1; Hand;4900;15; true;0;23;7;0.08333334;0.2239583;2760;2249;0.07492283;0.7610025;0.08776125;0.7582297;0.07492283;0.7610025;0.08776125;0.7582297;0;0;0; False
1; Hand;4900;15; true;0;23;8;0.9166667;0.5677083;2660;2326;0.9109241;0.4439038;0.9165059;0.4443622;0.9109241;0.4439038;0.9165059;0.4443622;0;0;0; False
1; Hand;4900;45; true;0;24;1;0.08333334;0.9114583; NA; NA; NA; NA; NA; NA; NA; NA; NA; NA; NA; NA; NA; False
1; Hand;4900;45; true;0;24;2;0.9166667;0.9114583;2910;129;0.0674459;0.06193374;0.0874352;0.05611439;0.9007387;0.1020395;0.8998199;0.09377252;1;0;0; False
1; Hand;4900;45; true;0;24;3;0.08333334;0.9114583;1911;1620;0.06133433;0.08593352;0.0633738;0.06246937;0.06133433;0.08593352;0.0633738;0.06246937;0;0;0; False
1; Hand;4900;45; true;0;24;4;0.9166667;0.5677083;3958;1649;0.8996204;0.4152932;0.9734536;0.4018816;0.8837951;0.3880401;0.9396048;0.4011836;0;0;1; False
1; Hand;4900;45; true;0;24;5;0.08333334;0.2239583;2195;1949;0.09808456;0.6961429;0.09983187;0.7067195;0.09808456;0.6961429;0.09983187;0.7067195;0;0;0; False
1; Hand;4900;45; true;0;24;6;0.9166667;0.08854166;2028;1767;0.9136529;0.8565416;0.9330646;0.9155508;0.9136529;0.8565416;0.9330646;0.9155508;0;0;0; False
1; Hand;4900;45; true;0;24;7;0.08333334;0.2239583;1945;1671;0.07013889;0.7215525;0.06928926;0.7426594;0.07013889;0.7215525;0.06928926;0.7426594;0;0;0; False
1; Hand;4900;45; true;0;24;8;0.9166667;0.5677083;1995;1760;0.9027684;0.4054141;0.907187;0.413656;0.9027684;0.4054141;0.907187;0.413656;0;0;0; False
1; Hand;4900;30; false;2;25;1;0.08333334;0.9114583; NA; NA; NA; NA; NA; NA; NA; NA; NA; NA; NA; NA; NA; False
1; Hand;4900;30; false;2;25;2;0.9166667;0.9114583;2244;4655;0.4526577;0.5066829;0.4503406;0.506917;0.916948;0.1141424;0.9330876;0.08876925;0;0;0; False
1; Hand;4900;30; false;2;25;3;0.08333334;0.9114583;2760;1656;0.04763179;0.07186149;0.06894802;0.08343064;0.08866511;0.1101432;0.08949883;0.1051986;0;1;0; False
1; Hand;4900;30; false;2;25;4;0.9166667;0.5677083;2061;1845;0.9111377;0.4193024;0.9120985;0.4220003;0.9111377;0.4193024;0.9120985;0.4220003;0;0;0; False
1; Hand;4900;30; false;2;25;5;0.08333334;0.2239583;4606;1878;0.06061387;0.755317;0.1197497;0.7390997;0.0985815;0.761614;0.1050237;0.76921;0;0;1; False
1; Hand;4900;30; false;2;25;6;0.9166667;0.08854166;2610;2315;0.9170293;0.9150836;0.9267476;0.9476549;0.9170293;0.9150836;0.9267476;0.9476549;0;0;0; False
1; Hand;4900;30; false;2;25;7;0.08333334;0.2239583;2078;1827;0.07312945;0.7663897;0.07149046;0.7630171;0.07312945;0.7663897;0.07149046;0.7630171;0;0;0; False
1; Hand;4900;30; false;2;25;8;0.9166667;0.5677083;2278;2065;0.9255577;0.4400514;0.9241871;0.4451009;0.9255577;0.4400514;0.9241871;0.4451009;0;0;0; False
1; Hand;864;24; false;2;26;1;0.08333334;0.9114583; NA; NA; NA; NA; NA; NA; NA; NA; NA; NA; NA; NA; NA; False
1; Hand;864;24; false;2;26;2;0.4089845;0.7730463;1596;1368;0.4073421;0.2423241;0.4131173;0.2572203;0.4073421;0.2423241;0.4131173;0.2572203;0;0;0; False
1; Hand;864;24; false;2;26;3;0.6287153;0.5000001;1596;1376;0.6285954;0.5161818;0.6368077;0.5252057;0.6285954;0.5161818;0.6368077;0.5252057;0;0;0; False
1; Hand;864;24; false;2;26;4;0.4089845;0.2269537;1529;1345;0.4096691;0.7734009;0.4078933;0.7715863;0.4096691;0.7734009;0.4078933;0.7715863;0;0;0; False
1; Hand;864;24; false;2;26;5;0.5;0.8861458;1779;1583;0.5002248;0.1208011;0.4989063;0.1234361;0.5002248;0.1208011;0.4989063;0.1234361;0;0;0; False
1; Hand;864;24; false;2;26;6;0.5910155;0.2269536;1563;1410;0.5903911;0.7942023;0.5868118;0.7899206;0.5903911;0.7942023;0.5868118;0.7899206;0;0;0; False
1; Hand;864;24; false;2;26;7;0.3712847;0.5;1546;1340;0.3751515;0.5094352;0.3731315;0.5221844;0.3751515;0.5094352;0.3731315;0.5221844;0;0;0; False
1; Hand;864;24; false;2;26;8;0.5910155;0.7730463;1645;1421;0.6030576;0.2292782;0.5964908;0.2086437;0.6030576;0.2292782;0.5964908;0.2086437;0;0;0; False
1; Hand;4900;30; false;2;27;1;0.5;0.1138542; NA; NA; NA; NA; NA; NA; NA; NA; NA; NA; NA; NA; NA; False
1; Hand;4900;30; false;2;27;2;0.9166667;0.9114583;2243;1989;0.9045425;0.08426256;0.9089418;0.08122393;0.9045425;0.08426256;0.9089418;0.08122393;0;0;0; False
1; Hand;4900;30; false;2;27;3;0.08333334;0.9114583;2311;2032;0.08724042;0.1259346;0.09169911;0.1160958;0.08724042;0.1259346;0.09169911;0.1160958;0;0;0; False
1; Hand;4900;30; false;2;27;4;0.9166667;0.5677083;2461;2213;0.9208737;0.4358587;0.9264344;0.4368811;0.9208737;0.4358587;0.9264344;0.4368811;0;0;0; False
1; Hand;4900;30; false;2;27;5;0.08333334;0.2239583;2161;1915;0.06657515;0.7660913;0.07741712;0.7597551;0.06657515;0.7660913;0.07741712;0.7597551;0;0;0; False
1; Hand;4900;30; false;2;27;6;0.9166667;0.08854166;2261;2032;0.912832;0.8890633;0.9142034;0.9059255;0.912832;0.8890633;0.9142034;0.9059255;0;0;0; False
1; Hand;4900;30; false;2;27;7;0.08333334;0.2239583;2294;2007;0.07253584;0.7369453;0.07937079;0.7493273;0.07253584;0.7369453;0.07937079;0.7493273;0;0;0; False
1; Hand;4900;30; false;2;27;8;0.9166667;0.5677083;4288;1886;0.9109599;0.4290723;0.9450584;0.4238782;0.9334134;0.448188;0.9185285;0.4551663;0;0;1; False
1; Hand;4900;15; false;2;28;1;0.08333334;0.9114583; NA; NA; NA; NA; NA; NA; NA; NA; NA; NA; NA; NA; NA; False
1; Hand;4900;15; false;2;28;2;0.9166667;0.9114583;3691;2546;0.9014624;0.08892959;0.9056073;0.0754227;0.9242101;0.09311876;0.9205553;0.1005121;0;1;0; False
1; Hand;4900;15; false;2;28;3;0.08333334;0.9114583;4090;2627;0.09338537;0.1299303;0.07852732;0.03758061;0.09356248;0.06600871;0.09378475;0.07964033;1;0;0; False
1; Hand;4900;15; false;2;28;4;0.9166667;0.5677083;2843;2452;0.9212082;0.4389308;0.9162952;0.4443398;0.9212082;0.4389308;0.9162952;0.4443398;0;0;0; False
1; Hand;4900;15; false;2;28;5;0.08333334;0.2239583;2827;2446;0.08881768;0.7751592;0.0949058;0.7759602;0.08881768;0.7751592;0.0949058;0.7759602;0;0;0; False
1; Hand;4900;15; false;2;28;6;0.9166667;0.08854166;4356;2272;0.8903436;0.9166269;0.922599;0.9347563;0.9082013;0.9030315;0.9152876;0.9120774;0;1;0; False
1; Hand;4900;15; false;2;28;7;0.08333334;0.2239583;2859;2593;0.08308191;0.7799969;0.08366088;0.7723904;0.08308191;0.7799969;0.08366088;0.7723904;0;0;0; False
1; Hand;4900;15; false;2;28;8;0.9166667;0.5677083;2411;2081;0.9255815;0.4374922;0.928742;0.4320369;0.9255815;0.4374922;0.928742;0.4320369;0;0;0; False
1; Hand;4900;15; false;2;29;1;0.08333334;0.9114583; NA; NA; NA; NA; NA; NA; NA; NA; NA; NA; NA; NA; NA; False
1; Hand;4900;15; false;2;29;2;0.9166667;0.9114583;2876;2515;0.921788;0.06482834;0.91618;0.07723203;0.921788;0.06482834;0.91618;0.07723203;0;0;0; False
1; Hand;4900;15; false;2;29;3;0.08333334;0.9114583;2810;2514;0.08432411;0.08857203;0.09041701;0.09826166;0.08432411;0.08857203;0.09041701;0.09826166;0;0;0; False
1; Hand;4900;15; false;2;29;4;0.9166667;0.5677083;3160;2527;0.9089853;0.4309205;0.9203867;0.4415888;0.9089853;0.4309205;0.9203867;0.4415888;0;0;0; False
1; Hand;4900;15; false;2;29;5;0.08333334;0.2239583;2609;2314;0.08298186;0.7675185;0.08659206;0.7762877;0.08298186;0.7675185;0.08659206;0.7762877;0;0;0; False
1; Hand;4900;15; false;2;29;6;0.9166667;0.08854166;2677;2543;0.9110606;0.9247382;0.9091515;0.9124722;0.9110606;0.9247382;0.9091515;0.9124722;0;0;0; False
1; Hand;4900;15; false;2;29;7;0.08333334;0.2239583;2860;2578;0.08681396;0.7702804;0.09237777;0.7760813;0.08681396;0.7702804;0.09237777;0.7760813;0;0;0; False
1; Hand;4900;15; false;2;29;8;0.9166667;0.5677083;5155;2055;0.9243534;0.4329269;0.7061048;0.4908614;0.9163992;0.4402289;0.9125527;0.4380649;0;0;1; False
1; Hand;864;8; false;2;30;1;0.08333334;0.9114583; NA; NA; NA; NA; NA; NA; NA; NA; NA; NA; NA; NA; NA; False
1; Hand;864;8; false;2;30;2;0.4089845;0.7730463;2295;1970;0.4133532;0.2357392;0.4126428;0.2354519;0.4133532;0.2357392;0.4126428;0.2354519;0;0;0; False
1; Hand;864;8; false;2;30;3;0.6287153;0.5000001;3592;2135;0.6215287;0.4949643;0.637501;0.5039244;0.6286516;0.4956667;0.6332217;0.500057;1;0;0; False
1; Hand;864;8; false;2;30;4;0.4089845;0.2269537;3441;3131;0.4122837;0.7706134;0.412175;0.7744098;0.4122837;0.7706134;0.412175;0.7744098;0;0;0; False
1; Hand;864;8; false;2;30;5;0.5;0.8861458;2328;2058;0.4981086;0.1123124;0.5011256;0.1180356;0.4981086;0.1123124;0.5011256;0.1180356;0;0;0; False
1; Hand;864;8; false;2;30;6;0.5910155;0.2269536;2294;2005;0.5875208;0.7828085;0.5866587;0.7805654;0.5875208;0.7828085;0.5866587;0.7805654;0;0;0; False
1; Hand;864;8; false;2;30;7;0.3712847;0.5;2277;2016;0.3740786;0.5088059;0.3744756;0.4959543;0.3740786;0.5088059;0.3744756;0.4959543;0;0;0; False
1; Hand;864;8; false;2;30;8;0.5910155;0.7730463;3259;2015;0.5888445;0.2485699;0.5906831;0.2450863;0.5900815;0.2394284;0.590657;0.2371459;0;1;0; False
1; Hand;864;8; false;2;31;1;0.5;0.1138542; NA; NA; NA; NA; NA; NA; NA; NA; NA; NA; NA; NA; NA; False
1; Hand;864;8; false;2;31;2;0.4089845;0.7730463;1945;1710;0.4068352;0.2339861;0.4084569;0.230548;0.4068352;0.2339861;0.4084569;0.230548;0;0;0; False
1; Hand;864;8; false;2;31;3;0.6287153;0.5000001;2310;2029;0.6264579;0.5031947;0.6278376;0.5039458;0.6264579;0.5031947;0.6278376;0.5039458;0;0;0; False
1; Hand;864;8; false;2;31;4;0.4089845;0.2269537;1962;1668;0.4058864;0.7709624;0.4065479;0.7614213;0.4058864;0.7709624;0.4065479;0.7614213;0;0;0; False
1; Hand;864;8; false;2;31;5;0.5;0.8861458;2711;2430;0.5004786;0.1159196;0.5018155;0.1276116;0.5004786;0.1159196;0.5018155;0.1276116;0;0;0; False
1; Hand;864;8; false;2;31;6;0.5910155;0.2269536;2194;1933;0.5908414;0.7744057;0.5923945;0.774234;0.5908414;0.7744057;0.5923945;0.774234;0;0;0; False
1; Hand;864;8; false;2;31;7;0.3712847;0.5;2011;1771;0.3716497;0.505926;0.3751033;0.5069116;0.3716497;0.505926;0.3751033;0.5069116;0;0;0; False
1; Hand;864;8; false;2;31;8;0.5910155;0.7730463;2012;1823;0.5911207;0.2243942;0.5911315;0.2280063;0.5911207;0.2243942;0.5911315;0.2280063;0;0;0; False
1; Hand;864;16; false;2;32;1;0.5;0.1138542; NA; NA; NA; NA; NA; NA; NA; NA; NA; NA; NA; NA; NA; False
1; Hand;864;16; false;2;32;2;0.4089845;0.7730463;2111;1784;0.4044623;0.2420985;0.4085692;0.234187;0.4044623;0.2420985;0.4085692;0.234187;0;0;0; False
1; Hand;864;16; false;2;32;3;0.6287153;0.5000001;1679;1380;0.6387482;0.509433;0.6410683;0.5036554;0.6387482;0.509433;0.6410683;0.5036554;0;0;0; False
1; Hand;864;16; false;2;32;4;0.4089845;0.2269537;1779;1490;0.4178745;0.7425704;0.4137162;0.7601681;0.4178745;0.7425704;0.4137162;0.7601681;0;0;0; False
1; Hand;864;16; false;2;32;5;0.5;0.8861458;2178;1749;0.4988319;0.1323809;0.5012214;0.1316624;0.4988319;0.1323809;0.5012214;0.1316624;0;0;0; False
1; Hand;864;16; false;2;32;6;0.5910155;0.2269536;1612;1337;0.582768;0.7592193;0.5891462;0.7588629;0.582768;0.7592193;0.5891462;0.7588629;0;0;0; False
1; Hand;864;16; false;2;32;7;0.3712847;0.5;1928;1616;0.3647636;0.4908406;0.3705597;0.4984839;0.3647636;0.4908406;0.3705597;0.4984839;0;0;0; False
1; Hand;864;16; false;2;32;8;0.5910155;0.7730463;1812;1576;0.6010674;0.221205;0.5998794;0.2307256;0.6010674;0.221205;0.5998794;0.2307256;0;0;0; False
1; Hand;4900;45; false;2;33;1;0.5;0.1138542; NA; NA; NA; NA; NA; NA; NA; NA; NA; NA; NA; NA; NA; False
1; Hand;4900;45; false;2;33;2;0.9166667;0.9114583;2411;2117;0.8966334;0.09555325;0.9179069;0.06719646;0.8966334;0.09555325;0.9179069;0.06719646;0;0;0; False
1; Hand;4900;45; false;2;33;3;0.08333334;0.9114583;1928;1706;0.08014444;0.1161348;0.0716389;0.09472528;0.08014444;0.1161348;0.0716389;0.09472528;0;0;0; False
1; Hand;4900;45; false;2;33;4;0.9166667;0.5677083;2145;1878;0.8992434;0.442509;0.8976213;0.4449207;0.8992434;0.442509;0.8976213;0.4449207;0;0;0; False
1; Hand;4900;45; false;2;33;5;0.08333334;0.2239583;3342;2448;0.0446368;0.8149472;0.08718836;0.7672451;0.0954894;0.7685143;0.09522165;0.7663717;0;1;0; False
1; Hand;4900;45; false;2;33;6;0.9166667;0.08854166;2278;2047;0.9105865;0.8752653;0.9119287;0.875273;0.9105865;0.8752653;0.9119287;0.875273;0;0;0; False
1; Hand;4900;45; false;2;33;7;0.08333334;0.2239583;1895;1648;0.05801348;0.7465946;0.06326114;0.7417961;0.05801348;0.7465946;0.06326114;0.7417961;0;0;0; False
1; Hand;4900;45; false;2;33;8;0.9166667;0.5677083;3758;1865;0.8744039;0.4196547;0.9306168;0.4479319;0.8919982;0.4379051;0.9050626;0.4404132;0;1;0; False
1; Hand;864;24; false;2;34;1;0.08333334;0.9114583; NA; NA; NA; NA; NA; NA; NA; NA; NA; NA; NA; NA; NA; False
1; Hand;864;24; false;2;34;2;0.4089845;0.7730463;2111;1773;0.4172297;0.223403;0.4228413;0.2248973;0.4172297;0.223403;0.4228413;0.2248973;0;0;0; False
1; Hand;864;24; false;2;34;3;0.6287153;0.5000001;1728;1502;0.628772;0.4697188;0.6281502;0.4925651;0.628772;0.4697188;0.6281502;0.4925651;0;0;0; False
1; Hand;864;24; false;2;34;4;0.4089845;0.2269537;1928;1714;0.413509;0.7528334;0.4130872;0.7499668;0.413509;0.7528334;0.4130872;0.7499668;0;0;0; False
1; Hand;864;24; false;2;34;5;0.5;0.8861458;1945;1633;0.4965;0.1321038;0.4992316;0.1036887;0.4965;0.1321038;0.4992316;0.1036887;0;0;0; False
1; Hand;864;24; false;2;34;6;0.5910155;0.2269536;2045;1791;0.5851798;0.7596214;0.5884544;0.7539903;0.5851798;0.7596214;0.5884544;0.7539903;0;0;0; False
1; Hand;864;24; false;2;34;7;0.3712847;0.5;1812;1565;0.3677679;0.491655;0.3684722;0.4977143;0.3677679;0.491655;0.3684722;0.4977143;0;0;0; False
1; Hand;864;24; false;2;34;8;0.5910155;0.7730463;1762;1519;0.5925992;0.209275;0.5887721;0.2055792;0.5925992;0.209275;0.5887721;0.2055792;0;0;0; False
1; Hand;4900;45; false;2;35;1;0.5;0.1138542; NA; NA; NA; NA; NA; NA; NA; NA; NA; NA; NA; NA; NA; False
1; Hand;4900;45; false;2;35;2;0.9166667;0.9114583;2127;1894;0.9023436;0.132192;0.9055505;0.117661;0.9023436;0.132192;0.9055505;0.117661;0;0;0; False
1; Hand;4900;45; false;2;35;3;0.08333334;0.9114583;4340;1646;0;0.06621792;0;0.08059636;0.07528843;0.1001176;0.09151156;0.1086283;1;0;0; False
1; Hand;4900;45; false;2;35;4;0.9166667;0.5677083;2210;1941;0.9115096;0.4607012;0.9133835;0.4406239;0.9115096;0.4607012;0.9133835;0.4406239;0;0;0; False
1; Hand;4900;45; false;2;35;5;0.08333334;0.2239583;2112;1844;0.06853986;0.773568;0.0714827;0.7664287;0.06853986;0.773568;0.0714827;0.7664287;0;0;0; False
1; Hand;4900;45; false;2;35;6;0.9166667;0.08854166;2144;2018;0.9280347;0.8841323;0.9276803;0.8836442;0.9280347;0.8841323;0.9276803;0.8836442;0;0;0; False
1; Hand;4900;45; false;2;35;7;0.08333334;0.2239583;2011;1734;0.05001578;0.7382408;0.08407529;0.7233873;0.05001578;0.7382408;0.08407529;0.7233873;0;0;0; False
1; Hand;4900;45; false;2;35;8;0.9166667;0.5677083;2328;1878;0.9033061;0.3906503;0.9165766;0.4119981;0.9033061;0.3906503;0.9165766;0.4119981;0;0;0; False
1; Hand;864;16; false;2;36;1;0.08333334;0.9114583; NA; NA; NA; NA; NA; NA; NA; NA; NA; NA; NA; NA; NA; False
1; Hand;864;16; false;2;36;2;0.4089845;0.7730463;1530;1448;0.4167831;0.2393622;0.4190502;0.2392486;0.4167831;0.2393622;0.4190502;0.2392486;0;0;0; False
1; Hand;864;16; false;2;36;3;0.6287153;0.5000001;2128;70;0.4209282;0.2336932;0.4233649;0.2322654;0.6330258;0.4855946;0.6358885;0.4944803;1;0;0; False
1; Hand;864;16; false;2;36;4;0.4089845;0.2269537;1978;1719;0.4069053;0.7629386;0.4134513;0.7596117;0.4069053;0.7629386;0.4134513;0.7596117;0;0;0; False
1; Hand;864;16; false;2;36;5;0.5;0.8861458;1928;1641;0.4972075;0.1316496;0.4982413;0.1362004;0.4972075;0.1316496;0.4982413;0.1362004;0;0;0; False
1; Hand;864;16; false;2;36;6;0.5910155;0.2269536;1795;1379;0.5864357;0.7412009;0.5935173;0.7652166;0.5864357;0.7412009;0.5935173;0.7652166;0;0;0; False
1; Hand;864;16; false;2;36;7;0.3712847;0.5;1962;1687;0.3604344;0.5115986;0.3642611;0.5230966;0.3604344;0.5115986;0.3642611;0.5230966;0;0;0; False
1; Hand;864;16; false;2;36;8;0.5910155;0.7730463;1662;1423;0.6015536;0.2251021;0.6006958;0.2291116;0.6015536;0.2251021;0.6006958;0.2291116;0;0;0; False
1; TokenTorch;864;8; true;0;0;1;0.5;0.5; NA; NA; NA; NA; NA; NA; NA; NA; NA; NA; NA; NA; NA; False
1; TokenTorch;864;8; true;0;0;2;0.4089845;0.7730463;3642; ;0;0;0;0;0.4091479;0.223541;0.4127946;0.2322078;1;0;0; False
1; TokenTorch;864;8; true;0;0;3;0.6287153;0.5000001;3060;2874;0.6266028;0.5021149;0.629676;0.5054166;0.6266028;0.5021149;0.629676;0.5054166;0;0;0; False
1; TokenTorch;864;8; true;0;0;4;0.4089845;0.2269537;2526;2370;0.4107282;0.7836451;0.4107565;0.7783008;0.4107282;0.7836451;0.4107565;0.7783008;0;0;0; False
1; TokenTorch;864;8; true;0;0;5;0.5;0.8861458;4723;2241;0.5056967;0.1429894;0.5089789;0.152288;0.5022842;0.1278006;0.503711;0.1207321;1;0;1; False
1; TokenTorch;864;8; true;0;0;6;0.5910155;0.2269536;4306;2134;0.5971374;0.7940311;0.5922182;0.7508785;0.5931514;0.7824162;0.5935867;0.7793532;1;0;0; False
1; TokenTorch;864;8; true;0;0;7;0.3712847;0.5;2544;2328;0.3751757;0.5128956;0.3760851;0.5016935;0.3751757;0.5128956;0.3760851;0.5016935;0;0;0; False
1; TokenTorch;864;8; true;0;0;8;0.5910155;0.7730463;3891;2467;0.5910497;0.2508015;0.590217;0.243836;0.5901132;0.240429;0.5938319;0.2410683;0;1;0; False
1; TokenTorch;864;24; true;0;38;1;0.5;0.1138542; NA; NA; NA; NA; NA; NA; NA; NA; NA; NA; NA; NA; NA; False
1; TokenTorch;864;24; true;0;38;2;0.4089845;0.7730463;1878;1711;0.4122369;0.2249929;0.4109412;0.2120194;0.4122369;0.2249929;0.4109412;0.2120194;0;0;0; False
1; TokenTorch;864;24; true;0;38;3;0.6287153;0.5000001;1612;1464;0.6379977;0.5301164;0.6341298;0.5117946;0.6379977;0.5301164;0.6341298;0.5117946;0;0;0; False
1; TokenTorch;864;24; true;0;38;4;0.4089845;0.2269537;1812;1567;0.4093449;0.7645164;0.4060124;0.7519647;0.4093449;0.7645164;0.4060124;0.7519647;0;0;0; False
1; TokenTorch;864;24; true;0;38;5;0.5;0.8861458;2045;1859;0.5079581;0.1140583;0.5063295;0.1215357;0.5079581;0.1140583;0.5063295;0.1215357;0;0;0; False
1; TokenTorch;864;24; true;0;38;6;0.5910155;0.2269536;1862;1593;0.6042588;0.804063;0.600111;0.7682069;0.6042588;0.804063;0.600111;0.7682069;0;0;0; False
1; TokenTorch;864;24; true;0;38;7;0.3712847;0.5;1679;1494;0.3653377;0.503314;0.3730375;0.4728523;0.3653377;0.503314;0.3730375;0.4728523;0;0;0; False
1; TokenTorch;864;24; true;0;38;8;0.5910155;0.7730463;1779;1501;0.5997388;0.2643034;0.6030233;0.2630151;0.5997388;0.2643034;0.6030233;0.2630151;0;0;0; False
1; TokenTorch;4900;30; true;0;39;1;0.5;0.1138542; NA; NA; NA; NA; NA; NA; NA; NA; NA; NA; NA; NA; NA; False
1; TokenTorch;4900;30; true;0;39;2;0.9166667;0.9114583;3441;1740;0.9303564;0.07020967;0.9448352;0.07294542;0.9359;0.1043839;0.9302592;0.09048588;0;0;1; False
1; TokenTorch;4900;30; true;0;39;3;0.08333334;0.9114583;2245;2069;0.0784721;0.1046955;0.07927823;0.08617017;0.0784721;0.1046955;0.07927823;0.08617017;0;0;0; False
1; TokenTorch;4900;30; true;0;39;4;0.9166667;0.5677083;2177;2040;0.9369133;0.4334005;0.9336281;0.4235225;0.9369133;0.4334005;0.9336281;0.4235225;0;0;0; False
1; TokenTorch;4900;30; true;0;39;5;0.08333334;0.2239583;2677;2457;0.09507462;0.7445067;0.08854344;0.7156514;0.09507462;0.7445067;0.08854344;0.7156514;0;0;0; False
1; TokenTorch;4900;30; true;0;39;6;0.9166667;0.08854166;5421;2015;0.9303733;0.8885474;0.8659118;0.8372462;0.9159656;0.91553;0.9115884;0.8883948;0;0;1; False
1; TokenTorch;4900;30; true;0;39;7;0.08333334;0.2239583;4057;3829;0.08678148;0.7662284;0.09108931;0.7538704;0.08678148;0.7662284;0.09108931;0.7538704;0;0;0; False
1; TokenTorch;4900;30; true;0;39;8;0.9166667;0.5677083;2278;2088;0.9368702;0.4241275;0.9281554;0.4244625;0.9368702;0.4241275;0.9281554;0.4244625;0;0;0; False
1; TokenTorch;4900;45; true;0;40;1;0.08333334;0.9114583; NA; NA; NA; NA; NA; NA; NA; NA; NA; NA; NA; NA; NA; False
1; TokenTorch;4900;45; true;0;40;2;0.9166667;0.9114583;2128;1963;0.9552909;0.08502974;0.9422129;0.06794848;0.9552909;0.08502974;0.9422129;0.06794848;0;0;0; False
1; TokenTorch;4900;45; true;0;40;3;0.08333334;0.9114583;2145;1938;0.05407834;0.09242989;0.06262269;0.103902;0.05407834;0.09242989;0.06262269;0.103902;0;0;0; False
1; TokenTorch;4900;45; true;0;40;4;0.9166667;0.5677083;2178;1973;0.9086221;0.4256139;0.9016326;0.4104432;0.9086221;0.4256139;0.9016326;0.4104432;0;0;0; False
1; TokenTorch;4900;45; true;0;40;5;0.08333334;0.2239583;2178;1980;0.08709574;0.7424058;0.09529979;0.7314108;0.08709574;0.7424058;0.09529979;0.7314108;0;0;0; False
1; TokenTorch;4900;45; true;0;40;6;0.9166667;0.08854166;2028;1855;0.9060994;0.9065389;0.9017241;0.8967187;0.9060994;0.9065389;0.9017241;0.8967187;0;0;0; False
1; TokenTorch;4900;45; true;0;40;7;0.08333334;0.2239583;1962;1685;0.08710272;0.7499079;0.09624761;0.7515856;0.08710272;0.7499079;0.09624761;0.7515856;0;0;0; False
1; TokenTorch;4900;45; true;0;40;8;0.9166667;0.5677083;2144;1949;0.9199455;0.455341;0.9232961;0.4617926;0.9199455;0.455341;0.9232961;0.4617926;0;0;0; False
1; TokenTorch;4900;15; true;0;41;1;0.08333334;0.9114583; NA; NA; NA; NA; NA; NA; NA; NA; NA; NA; NA; NA; NA; False
1; TokenTorch;4900;15; true;0;41;2;0.9166667;0.9114583;5404;2331;0.9108757;0.1157473;0.9268374;0.1212014;0.9119076;0.09414443;0.9159121;0.0996306;0;0;1; False
1; TokenTorch;4900;15; true;0;41;3;0.08333334;0.9114583;2643;2406;0.078944;0.1041376;0.0904272;0.1010845;0.078944;0.1041376;0.0904272;0.1010845;0;0;0; False
1; TokenTorch;4900;15; true;0;41;4;0.9166667;0.5677083;2760;2616;0.9101709;0.4357909;0.9185805;0.433636;0.9101709;0.4357909;0.9185805;0.433636;0;0;0; False
1; TokenTorch;4900;15; true;0;41;5;0.08333334;0.2239583;3957;2819;0.1009716;0.7894456;0.1043671;0.778251;0.07423995;0.7617892;0.07797205;0.764648;1;0;0; False
1; TokenTorch;4900;15; true;0;41;6;0.9166667;0.08854166;4074;2080;0.924692;0.9053395;0.9007391;0.8364176;0.9144988;0.9365072;0.9208307;0.9422479;0;0;1; False
1; TokenTorch;4900;15; true;0;41;7;0.08333334;0.2239583;4307;2691;0.09094165;0.7715389;0.09669921;0.7405914;0.08255474;0.7727537;0.08750399;0.7674204;0;0;1; False
1; TokenTorch;4900;15; true;0;41;8;0.9166667;0.5677083;2793;2636;0.9109394;0.4381527;0.9194086;0.4470148;0.9109394;0.4381527;0.9194086;0.4470148;0;0;0; False
1; TokenTorch;864;16; true;0;42;1;0.08333334;0.9114583; NA; NA; NA; NA; NA; NA; NA; NA; NA; NA; NA; NA; NA; False
1; TokenTorch;864;16; true;0;42;2;0.4089845;0.7730463;2072;1888;0.4049409;0.2343131;0.40769;0.2281757;0.4049409;0.2343131;0.40769;0.2281757;0;0;0; False
1; TokenTorch;864;16; true;0;42;3;0.6287153;0.5000001;2849;2778;0.630235;0.5149983;0.6318455;0.5174054;0.630235;0.5149983;0.6318455;0.5174054;0;0;0; False
1; TokenTorch;864;16; true;0;42;4;0.4089845;0.2269537;2410;2234;0.4101073;0.7672606;0.4165574;0.7512203;0.4101073;0.7672606;0.4165574;0.7512203;0;0;0; False
1; TokenTorch;864;16; true;0;42;5;0.5;0.8861458;1896;1705;0.5023034;0.1279947;0.5036964;0.1310619;0.5023034;0.1279947;0.5036964;0.1310619;0;0;0; False
1; TokenTorch;864;16; true;0;42;6;0.5910155;0.2269536;2044;1861;0.5885383;0.7689363;0.5913639;0.781057;0.5885383;0.7689363;0.5913639;0.781057;0;0;0; False
1; TokenTorch;864;16; true;0;42;7;0.3712847;0.5;2045;1919;0.3750992;0.5127791;0.3795891;0.5117293;0.3750992;0.5127791;0.3795891;0.5117293;0;0;0; False
1; TokenTorch;864;16; true;0;42;8;0.5910155;0.7730463;2011;1885;0.593626;0.2494101;0.5950072;0.2360796;0.593626;0.2494101;0.5950072;0.2360796;0;0;0; False
1; TokenTorch;864;24; false;3;43;1;0.5;0.1138542; NA; NA; NA; NA; NA; NA; NA; NA; NA; NA; NA; NA; NA; False
1; TokenTorch;864;24; false;3;43;2;0.4089845;0.7730463;1546;3541;0.4544831;0.4890406;0.4559226;0.4940141;0.4116051;0.2245391;0.4130792;0.2079557;0;0;0; False
1; TokenTorch;864;24; false;3;43;3;0.6287153;0.5000001;1612;1435;0.633392;0.5160798;0.6356275;0.5121358;0.633392;0.5160798;0.6356275;0.5121358;0;0;0; False
1; TokenTorch;864;24; false;3;43;4;0.4089845;0.2269537;1579;1440;0.3975857;0.776921;0.3981653;0.7622135;0.3975857;0.776921;0.3981653;0.7622135;0;0;0; False
1; TokenTorch;864;24; false;3;43;5;0.5;0.8861458;1596;1427;0.5071209;0.1158837;0.5046027;0.1160182;0.5071209;0.1158837;0.5046027;0.1160182;0;0;0; False
1; TokenTorch;864;24; false;3;43;6;0.5910155;0.2269536;1562;1407;0.5945702;0.7809984;0.5948177;0.7607853;0.5945702;0.7809984;0.5948177;0.7607853;0;0;0; False
1; TokenTorch;864;24; false;3;43;7;0.3712847;0.5;1429;1297;0.3826523;0.5042478;0.3901288;0.4939139;0.3826523;0.5042478;0.3901288;0.4939139;0;0;0; False
1; TokenTorch;864;24; false;3;43;8;0.5910155;0.7730463;2778;2633;0.5889294;0.2570991;0.5911478;0.2405703;0.5889294;0.2570991;0.5911478;0.2405703;0;0;0; False
1; TokenTorch;4900;15; false;3;44;1;0.5;0.1138542; NA; NA; NA; NA; NA; NA; NA; NA; NA; NA; NA; NA; NA; False
1; TokenTorch;4900;15; false;3;44;2;0.9166667;0.9114583;2128;1859;0.9164523;0.08519439;0.9242324;0.07565236;0.9164523;0.08519439;0.9242324;0.07565236;0;0;0; False
1; TokenTorch;4900;15; false;3;44;3;0.08333334;0.9114583;2250;2049;0.0811622;0.07387903;0.09329271;0.08620597;0.0811622;0.07387903;0.09329271;0.08620597;0;0;0; False
1; TokenTorch;4900;15; false;3;44;4;0.9166667;0.5677083;3503;2492;0.9065792;0.4355234;0.9300857;0.449292;0.911778;0.4221408;0.9211036;0.4206809;0;0;1; False
1; TokenTorch;4900;15; false;3;44;5;0.08333334;0.2239583;2461;2273;0.08609205;0.7721845;0.09239455;0.7589775;0.08609205;0.7721845;0.09239455;0.7589775;0;0;0; False
1; TokenTorch;4900;15; false;3;44;6;0.9166667;0.08854166;2726;2585;0.9169655;0.9206727;0.9184249;0.9030499;0.9169655;0.9206727;0.9184249;0.9030499;0;0;0; False
1; TokenTorch;4900;15; false;3;44;7;0.08333334;0.2239583;4290;2288;0.0812434;0.7680069;0.08913784;0.7315447;0.07901243;0.7854211;0.0825102;0.7884992;0;0;1; False
1; TokenTorch;4900;15; false;3;44;8;0.9166667;0.5677083;2943;2762;0.9143258;0.443934;0.9148196;0.4450742;0.9143258;0.443934;0.9148196;0.4450742;0;0;0; False
1; TokenTorch;4900;15; false;3;45;1;0.08333334;0.9114583; NA; NA; NA; NA; NA; NA; NA; NA; NA; NA; NA; NA; NA; False
1; TokenTorch;4900;15; false;3;45;2;0.9166667;0.9114583;2776;2562;0.9164669;0.08550122;0.9216209;0.08490876;0.9164669;0.08550122;0.9216209;0.08490876;0;0;0; False
1; TokenTorch;4900;15; false;3;45;3;0.08333334;0.9114583;3725;2480;0.08422573;0.1075502;0.0908061;0.1281054;0.08533095;0.08409797;0.0867939;0.0822877;0;0;1; False
1; TokenTorch;4900;15; false;3;45;4;0.9166667;0.5677083;2428;2294;0.9141895;0.4396155;0.9164589;0.4283071;0.9141895;0.4396155;0.9164589;0.4283071;0;0;0; False
1; TokenTorch;4900;15; false;3;45;5;0.08333334;0.2239583;3060;2824;0.07907837;0.7712898;0.08788628;0.7773783;0.07907837;0.7712898;0.08788628;0.7773783;0;0;0; False
1; TokenTorch;4900;15; false;3;45;6;0.9166667;0.08854166;2444;2316;0.9256285;0.9082675;0.9254821;0.8985919;0.9256285;0.9082675;0.9254821;0.8985919;0;0;0; False
1; TokenTorch;4900;15; false;3;45;7;0.08333334;0.2239583;2744;2564;0.08943888;0.7880372;0.09405301;0.7797746;0.08943888;0.7880372;0.09405301;0.7797746;0;0;0; False
1; TokenTorch;4900;15; false;3;45;8;0.9166667;0.5677083;2976;2847;0.922763;0.444982;0.9216363;0.4424968;0.922763;0.444982;0.9216363;0.4424968;0;0;0; False
1; TokenTorch;4900;45; false;3;46;1;0.08333334;0.9114583; NA; NA; NA; NA; NA; NA; NA; NA; NA; NA; NA; NA; NA; False
1; TokenTorch;4900;45; false;3;46;2;0.9166667;0.9114583;4773;1925;0.9612758;0.07466049;0.9576815;0.1009925;0.939536;0.08366551;0.9366249;0.1006545;1;0;0; False
1; TokenTorch;4900;45; false;3;46;3;0.08333334;0.9114583;1927;1654;0.05871827;0.08538166;0.07260337;0.09268565;0.05871827;0.08538166;0.07260337;0.09268565;0;0;0; False
1; TokenTorch;4900;45; false;3;46;4;0.9166667;0.5677083;2028;1923;0.9106786;0.4363431;0.9010606;0.4335276;0.9106786;0.4363431;0.9010606;0.4335276;0;0;0; False
1; TokenTorch;4900;45; false;3;46;5;0.08333334;0.2239583;2194;2008;0.1033211;0.7580418;0.1050722;0.7576953;0.1033211;0.7580418;0.1050722;0.7576953;0;0;0; False
1; TokenTorch;4900;45; false;3;46;6;0.9166667;0.08854166;2028;1825;0.9387476;0.8974447;0.9207351;0.868474;0.9387476;0.8974447;0.9207351;0.868474;0;0;0; False
1; TokenTorch;4900;45; false;3;46;7;0.08333334;0.2239583;2045;1891;0.07081931;0.7660999;0.08184066;0.7413193;0.07081931;0.7660999;0.08184066;0.7413193;0;0;0; False
1; TokenTorch;4900;45; false;3;46;8;0.9166667;0.5677083;1962;1757;0.947987;0.450778;0.9490209;0.4480907;0.947987;0.450778;0.9490209;0.4480907;0;0;0; False
1; TokenTorch;4900;30; false;3;47;1;0.08333334;0.9114583; NA; NA; NA; NA; NA; NA; NA; NA; NA; NA; NA; NA; NA; False
1; TokenTorch;4900;30; false;3;47;2;0.9166667;0.9114583;2194;2028;0.9290555;0.09676086;0.9272112;0.09632277;0.9290555;0.09676086;0.9272112;0.09632277;0;0;0; False
1; TokenTorch;4900;30; false;3;47;3;0.08333334;0.9114583;2145;1957;0.05988948;0.06968939;0.06811643;0.06598635;0.05988948;0.06968939;0.06811643;0.06598635;0;0;0; False
1; TokenTorch;4900;30; false;3;47;4;0.9166667;0.5677083;3458;3309;0.9247332;0.4475658;0.929265;0.4431284;0.9247332;0.4475658;0.929265;0.4431284;0;0;0; False
1; TokenTorch;4900;30; false;3;47;5;0.08333334;0.2239583;2028;1851;0.0589833;0.7831628;0.08654509;0.7720496;0.0589833;0.7831628;0.08654509;0.7720496;0;0;0; False
1; TokenTorch;4900;30; false;3;47;6;0.9166667;0.08854166;2461;2261;0.9363518;0.9010293;0.9394892;0.9003742;0.9363518;0.9010293;0.9394892;0.9003742;0;0;0; False
1; TokenTorch;4900;30; false;3;47;7;0.08333334;0.2239583;2527;2329;0.09159164;0.7670179;0.09704608;0.7500364;0.09159164;0.7670179;0.09704608;0.7500364;0;0;0; False
1; TokenTorch;4900;30; false;3;47;8;0.9166667;0.5677083;2345;1978;0.9217223;0.4510948;0.9184844;0.4276744;0.9217223;0.4510948;0.9184844;0.4276744;0;0;0; False
1; TokenTorch;864;16; false;3;48;1;0.08333334;0.9114583; NA; NA; NA; NA; NA; NA; NA; NA; NA; NA; NA; NA; NA; False
1; TokenTorch;864;16; false;3;48;2;0.4089845;0.7730463;2328;2148;0.4137121;0.245487;0.4151185;0.2511888;0.4137121;0.245487;0.4151185;0.2511888;0;0;0; False
1; TokenTorch;864;16; false;3;48;3;0.6287153;0.5000001;2211;1995;0.6270244;0.504522;0.6357483;0.5245876;0.6270244;0.504522;0.6357483;0.5245876;0;0;0; False
1; TokenTorch;864;16; false;3;48;4;0.4089845;0.2269537;2627;2346;0.4057184;0.7744871;0.4113624;0.7683721;0.4057184;0.7744871;0.4113624;0.7683721;0;0;0; False
1; TokenTorch;864;16; false;3;48;5;0.5;0.8861458;1928;1719;0.5017292;0.1310251;0.5009855;0.1337564;0.5017292;0.1310251;0.5009855;0.1337564;0;0;0; False
1; TokenTorch;864;16; false;3;48;6;0.5910155;0.2269536;1646;1520;0.5989193;0.7813285;0.600771;0.7753651;0.5989193;0.7813285;0.600771;0.7753651;0;0;0; False
1; TokenTorch;864;16; false;3;48;7;0.3712847;0.5;1613;1482;0.3632698;0.5125433;0.3676165;0.5110556;0.3632698;0.5125433;0.3676165;0.5110556;0;0;0; False
1; TokenTorch;864;16; false;3;48;8;0.5910155;0.7730463;1662;1418;0.5901217;0.2400807;0.5945755;0.2403987;0.5901217;0.2400807;0.5945755;0.2403987;0;0;0; False
1; TokenTorch;4900;30; false;3;49;1;0.5;0.1138542; NA; NA; NA; NA; NA; NA; NA; NA; NA; NA; NA; NA; NA; False
1; TokenTorch;4900;30; false;3;49;2;0.9166667;0.9114583;2228;2009;0.9275124;0.0662521;0.9185999;0.08982703;0.9275124;0.0662521;0.9185999;0.08982703;0;0;0; False
1; TokenTorch;4900;30; false;3;49;3;0.08333334;0.9114583;2494;2330;0.09334978;0.09294209;0.0925873;0.09646279;0.09334978;0.09294209;0.0925873;0.09646279;0;0;0; False
1; TokenTorch;4900;30; false;3;49;4;0.9166667;0.5677083;2161;1949;0.9063513;0.4438349;0.9127808;0.412702;0.9063513;0.4438349;0.9127808;0.412702;0;0;0; False
1; TokenTorch;4900;30; false;3;49;5;0.08333334;0.2239583;2627;2450;0.07744529;0.7643858;0.08147132;0.751317;0.07744529;0.7643858;0.08147132;0.751317;0;0;0; False
1; TokenTorch;4900;30; false;3;49;6;0.9166667;0.08854166;2427;2263;0.9105592;0.8961601;0.9233117;0.9044042;0.9105592;0.8961601;0.9233117;0.9044042;0;0;0; False
1; TokenTorch;4900;30; false;3;49;7;0.08333334;0.2239583;2377;2181;0.09613109;0.7723382;0.09938801;0.7621943;0.09613109;0.7723382;0.09938801;0.7621943;0;0;0; False
1; TokenTorch;4900;30; false;3;49;8;0.9166667;0.5677083;2195;2038;0.9358395;0.4395571;0.9403306;0.4366965;0.9358395;0.4395571;0.9403306;0.4366965;0;0;0; False
1; TokenTorch;4900;45; false;3;50;1;0.08333334;0.9114583; NA; NA; NA; NA; NA; NA; NA; NA; NA; NA; NA; NA; NA; False
1; TokenTorch;4900;45; false;3;50;2;0.9166667;0.9114583;2277;2049;0.9162381;0.1189087;0.9171508;0.1166417;0.9162381;0.1189087;0.9171508;0.1166417;0;0;0; False
1; TokenTorch;4900;45; false;3;50;3;0.08333334;0.9114583;1795;1641;0.07004157;0.1002813;0.07337856;0.08068334;0.07004157;0.1002813;0.07337856;0.08068334;0;0;0; False
1; TokenTorch;4900;45; false;3;50;4;0.9166667;0.5677083;1979;1725;0.9225024;0.4606868;0.920832;0.4406956;0.9225024;0.4606868;0.920832;0.4406956;0;0;0; False
1; TokenTorch;4900;45; false;3;50;5;0.08333334;0.2239583;1845;1656;0.0882964;0.7484983;0.09219257;0.7280576;0.0882964;0.7484983;0.09219257;0.7280576;0;0;0; False
1; TokenTorch;4900;45; false;3;50;6;0.9166667;0.08854166;1895;1779;0.9322744;0.8573692;0.9245027;0.8521428;0.9322744;0.8573692;0.9245027;0.8521428;0;0;0; False
1; TokenTorch;4900;45; false;3;50;7;0.08333334;0.2239583;2045;1853;0.05605889;0.7598882;0.06147078;0.7453834;0.05605889;0.7598882;0.06147078;0.7453834;0;0;0; False
1; TokenTorch;4900;45; false;3;50;8;0.9166667;0.5677083;2261;2024;0.9466843;0.4028904;0.9432485;0.4118243;0.9466843;0.4028904;0.9432485;0.4118243;0;0;0; False
1; TokenTorch;864;8; false;3;51;1;0.08333334;0.9114583; NA; NA; NA; NA; NA; NA; NA; NA; NA; NA; NA; NA; NA; False
1; TokenTorch;864;8; false;3;51;2;0.4089845;0.7730463;2411;2154;0.4089144;0.2464925;0.4092774;0.2406097;0.4089144;0.2464925;0.4092774;0.2406097;0;0;0; False
1; TokenTorch;864;8; false;3;51;3;0.6287153;0.5000001;2227;2070;0.6242642;0.5108342;0.6253258;0.5103638;0.6242642;0.5108342;0.6253258;0.5103638;0;0;0; False
1; TokenTorch;864;8; false;3;51;4;0.4089845;0.2269537;2460;2221;0.4039501;0.7833781;0.4088953;0.7838481;0.4039501;0.7833781;0.4088953;0.7838481;0;0;0; False
1; TokenTorch;864;8; false;3;51;5;0.5;0.8861458;3742;2018;0.5006043;0.1384186;0.5016629;0.1433895;0.500932;0.1253101;0.5009145;0.1247827;1;0;0; False
1; TokenTorch;864;8; false;3;51;6;0.5910155;0.2269536;2660;2442;0.5921583;0.7805665;0.5956287;0.7755174;0.5921583;0.7805665;0.5956287;0.7755174;0;0;0; False
1; TokenTorch;864;8; false;3;51;7;0.3712847;0.5;2992;1895;0.3630131;0.4969726;0.3663608;0.4919275;0.3697588;0.4982277;0.3742824;0.5024536;0;1;0; False
1; TokenTorch;864;8; false;3;51;8;0.5910155;0.7730463;2028;1835;0.5891917;0.2332558;0.5931208;0.2428451;0.5891917;0.2332558;0.5931208;0.2428451;0;0;0; False
1; TokenTorch;864;24; false;3;52;1;0.5;0.1138542; NA; NA; NA; NA; NA; NA; NA; NA; NA; NA; NA; NA; NA; False
1; TokenTorch;864;24; false;3;52;2;0.4089845;0.7730463;1695;1472;0.4115264;0.2280186;0.4127034;0.2258495;0.4115264;0.2280186;0.4127034;0.2258495;0;0;0; False
1; TokenTorch;864;24; false;3;52;3;0.6287153;0.5000001;1546;1360;0.6271756;0.5188336;0.6353574;0.5175041;0.6271756;0.5188336;0.6353574;0.5175041;0;0;0; False
1; TokenTorch;864;24; false;3;52;4;0.4089845;0.2269537;1722;1423;0.4078622;0.7632251;0.4143391;0.7605236;0.4078622;0.7632251;0.4143391;0.7605236;0;0;0; False
1; TokenTorch;864;24; false;3;52;5;0.5;0.8861458;1613;1368;0.50362;0.1299556;0.5072513;0.119935;0.50362;0.1299556;0.5072513;0.119935;0;0;0; False
1; TokenTorch;864;24; false;3;52;6;0.5910155;0.2269536;1629;1420;0.5875595;0.7553053;0.5909765;0.7526538;0.5875595;0.7553053;0.5909765;0.7526538;0;0;0; False
1; TokenTorch;864;24; false;3;52;7;0.3712847;0.5;1529;1295;0.369278;0.5019561;0.3699148;0.4926507;0.369278;0.5019561;0.3699148;0.4926507;0;0;0; False
1; TokenTorch;864;24; false;3;52;8;0.5910155;0.7730463;1778;1462;0.5881639;0.2328321;0.5915194;0.2414149;0.5881639;0.2328321;0.5915194;0.2414149;0;0;0; False
1; TokenTorch;864;16; false;3;53;1;0.5;0.1138542; NA; NA; NA; NA; NA; NA; NA; NA; NA; NA; NA; NA; NA; False
1; TokenTorch;864;16; false;3;53;2;0.4089845;0.7730463;1613;1408;0.4081731;0.2090569;0.4077988;0.223214;0.4081731;0.2090569;0.4077988;0.223214;0;0;0; False
1; TokenTorch;864;16; false;3;53;3;0.6287153;0.5000001;1695;1533;0.6333169;0.5096996;0.6296961;0.4955169;0.6333169;0.5096996;0.6296961;0.4955169;0;0;0; False
1; TokenTorch;864;16; false;3;53;4;0.4089845;0.2269537;1579;1413;0.4061202;0.7776538;0.408397;0.7688447;0.4061202;0.7776538;0.408397;0.7688447;0;0;0; False
1; TokenTorch;864;16; false;3;53;5;0.5;0.8861458;1646;1430;0.5018206;0.1120631;0.5016559;0.1219462;0.5018206;0.1120631;0.5016559;0.1219462;0;0;0; False
1; TokenTorch;864;16; false;3;53;6;0.5910155;0.2269536;1546;1439;0.5940428;0.7895971;0.5957983;0.7894722;0.5940428;0.7895971;0.5957983;0.7894722;0;0;0; False
1; TokenTorch;864;16; false;3;53;7;0.3712847;0.5;1661;1457;0.372435;0.4980834;0.3719214;0.5011789;0.372435;0.4980834;0.3719214;0.5011789;0;0;0; False
1; TokenTorch;864;16; false;3;53;8;0.5910155;0.7730463;1629;1421;0.5887193;0.2600674;0.5889077;0.2507185;0.5887193;0.2600674;0.5889077;0.2507185;0;0;0; False
1; TokenTorch;864;8; false;3;54;1;0.5;0.1138542; NA; NA; NA; NA; NA; NA; NA; NA; NA; NA; NA; NA; NA; False
1; TokenTorch;864;8; false;3;54;2;0.4089845;0.7730463;1945;1785;0.4086719;0.2290283;0.4107869;0.2196752;0.4086719;0.2290283;0.4107869;0.2196752;0;0;0; False
1; TokenTorch;864;8; false;3;54;3;0.6287153;0.5000001;2111;1954;0.6325407;0.504549;0.6339241;0.5042371;0.6325407;0.504549;0.6339241;0.5042371;0;0;0; False
1; TokenTorch;864;8; false;3;54;4;0.4089845;0.2269537;4224;2059;0.4071619;0.7765673;0.418797;0.7652068;0.4082029;0.774624;0.4134024;0.7832305;0;0;1; False
1; TokenTorch;864;8; false;3;54;5;0.5;0.8861458;2177;2069;0.4961093;0.1280216;0.4988617;0.1267595;0.4961093;0.1280216;0.4988617;0.1267595;0;0;0; False
1; TokenTorch;864;8; false;3;54;6;0.5910155;0.2269536;2394;2208;0.5904436;0.7668793;0.5921051;0.764178;0.5904436;0.7668793;0.5921051;0.764178;0;0;0; False
1; TokenTorch;864;8; false;3;54;7;0.3712847;0.5;2244;1978;0.3717854;0.502679;0.3753717;0.5146224;0.3717854;0.502679;0.3753717;0.5146224;0;0;0; False
1; TokenTorch;864;8; false;3;54;8;0.5910155;0.7730463;2411;2214;0.5874127;0.2425114;0.5877298;0.2385983;0.5874127;0.2425114;0.5877298;0.2385983;0;0;0; False